,x,y,z,z_pred
0,3.325447003,-0.869890456,-0.048580338,-0.06370180575166526
1,0.19941478,-1.064081258,-0.865776715,-0.8838385987288945
2,0.623499124,1.176376507,-0.796616365,-0.760264426047009
3,0.294015355,-0.907471225,-0.73487558,-0.7475320268746598
4,-0.613311199,-2.226038935,-1.179802436,-1.155625145785344
5,-1.672116346,2.71313503,-0.854489452,-0.8341186393895127
6,-1.563318876,-2.233020364,-0.482015546,-0.5038706493307453
7,1.15051579,-1.246719246,-0.350385228,-0.369266093109187
8,1.408986917,-2.950078178,-0.31215691,-0.3105094012630083
9,1.611016065,0.309849598,-0.089108958,-0.0774631360888575
10,0.477598567,-1.675804835,-0.544577432,-0.5419164978653109
11,-2.318552665,-2.125868748,-0.08610228,-0.0910395994494303
12,-1.579395364,-1.220390098,-0.992873062,-1.0271199888175555
13,-0.441999799,-0.261699817,-1.427437772,-1.4262070726953247
14,2.686617232,-0.104013911,-0.041037409,-0.0374850351988428
15,0.403456083,-0.707319803,-0.585499391,-0.6324615096163941
16,1.823092609,-2.301182829,-0.889736741,-0.8873239999837035
17,-0.341395745,0.449770231,-1.144816855,-1.1350705875063505
18,0.027416709,-1.711451821,-0.985730874,-0.9770130169442381
19,0.248109169,-2.17359968,-0.669606505,-0.6641109620155373
20,-2.678931647,2.781295894,-0.551792212,-0.5232252697981434
21,-0.195954334,1.451166551,-1.653030735,-1.681200275676804
22,-2.647571163,-1.696171709,-0.050729525,-0.07218977339371023
23,-0.358974155,-1.236835467,-1.609352711,-1.6152726169772247
24,-3.067917332,0.88211596,-0.28837132,-0.31269756396758425
25,0.281333108,0.365938351,-0.642648803,-0.6454646425304993
26,0.18323468,0.433185038,-0.744704466,-0.7582966684621766
27,-1.313063531,-0.57664457,-1.275481523,-1.2972423003193374
28,-2.048978234,-1.036863249,-0.423178202,-0.4860958328992765
29,-2.518089052,0.295642194,-0.090413814,-0.10788945937921625
30,-1.068320127,-1.008181465,-1.7194073,-1.7261348330008661
31,0.737052857,-0.571896455,-0.284968111,-0.2475540833350605
32,2.705393613,-1.254811129,-0.349014687,-0.3629944590778827
33,0.156054035,0.459760069,-0.774896272,-0.7747956469497973
34,-0.480683991,-3.205388148,-1.006020369,-0.9810876801703469
35,0.684174456,1.069054597,-0.673107919,-0.6699918109692855
36,0.868925843,0.614195912,-0.306859409,-0.2608416130978493
37,0.800297439,-0.30727544,-0.227078845,-0.25500914785354506
38,0.791514245,1.178531361,-0.709228471,-0.7251305849305552
39,0.001406752,1.635367325,-1.654019015,-1.6544455706401568
40,-0.852191782,0.527798566,-1.092620762,-1.0966428806595032
41,-1.359995614,-2.396871564,-0.602143524,-0.6267629712349174
42,-1.078450889,1.385550199,-1.404516605,-1.4198786575162037
43,2.79463357,-0.720000664,-0.104571699,-0.05821583856220606
44,0.364486452,2.747061639,-1.047853934,-1.0479101571728284
45,-2.548389061,-0.292794902,-0.075421412,-0.06642319060748114
46,-0.717827624,0.352583757,-1.168147685,-1.1619076762046348
47,-2.196675674,-1.973243894,-0.14882876,-0.19172555872756197
48,1.451511151,-3.212055428,-0.192549032,-0.1840563528704061
49,0.821626954,-0.551399788,-0.236078474,-0.2310043695423107
50,1.355101305,-0.310330612,-0.0779115,-0.10402485722049992
51,0.796064308,0.833715484,-0.450110413,-0.4647745478135676
52,-0.360325487,0.188185684,-1.18011091,-1.1405600388146158
53,0.769720159,-1.312199536,-0.376203164,-0.361599600106036
54,2.982501413,2.864244573,-0.922720534,-0.8979966788408369
55,2.887801618,-0.825892167,-0.115237468,-0.14019220344830102
56,2.014852281,1.935657133,-1.577744763,-1.5516868688541685
57,1.024877149,-2.337417364,-0.445355339,-0.42992756701858587
58,0.314414001,1.668494902,-1.413612078,-1.4035911575707445
59,2.607300961,-1.960709873,-0.690552249,-0.6923449607541419
60,-0.212669662,-1.769431182,-1.2254753,-1.2495844078591565
61,-0.603686716,-1.955262174,-1.333590904,-1.323895132489871
62,1.290769951,-1.839266112,-0.632371334,-0.5962317473413032
63,-0.379262189,-0.271362644,-1.39147583,-1.3816207230482576
64,2.066615871,-1.938566729,-0.993233797,-1.010541564520659
65,2.915038488,0.865185903,-0.544466004,-0.5482751497652996
66,-0.143590241,3.287551897,-1.071312794,-1.0202841857764773
67,-0.871735343,1.892050835,-1.859581582,-1.8668108823796277
68,0.217766087,0.106478328,-0.69237241,-0.6976272633337872
69,-2.961005798,0.51132579,-0.113547775,-0.11831550847913055
70,-0.773631698,-0.213142867,-1.446851047,-1.4251276540901792
71,-1.394582254,-1.627419575,-1.026539551,-0.9867873203507551
72,-1.148988013,0.022697453,-1.0199735,-1.0323884025278525
73,-2.715195324,-3.606147129,-0.007453212,0.004504591097862898
74,-1.138662621,3.313401521,-0.843220979,-0.8312776502294325
75,1.920015711,2.979274405,-0.578608395,-0.574051359951563
76,1.525944125,1.714738581,-1.144389368,-1.1494773867989259
77,-2.429819549,-1.002185042,-0.153713419,-0.14749799622603155
78,0.030099301,-2.130826965,-0.871654208,-0.8946854344810576
79,0.305385017,0.5467981,-0.660796444,-0.6792180468121848
80,-0.68386045,-2.982804627,-0.984792053,-0.9844301829808062
81,-2.599068556,1.283330917,-0.610953725,-0.6363524127253248
82,0.77561548,0.191088411,-0.24735213,-0.21655188266732875
83,-0.430093744,-0.414203474,-1.511046685,-1.5164985369662751
84,0.904690317,-0.692922833,-0.218508496,-0.2770410273112817
85,0.039281445,1.446861764,-1.485388463,-1.4850092813503615
86,1.633799733,0.235876189,-0.073952183,-0.07651558130934596
87,1.826280948,-0.385321557,-0.081067399,-0.056395736426822884
88,0.614381746,0.529255384,-0.412385726,-0.420132292526235
89,1.915974097,0.188024684,-0.067455342,-0.0906151549804686
90,1.25088203,0.764696194,-0.287564106,-0.329494897204308
91,-0.43290083,0.786280898,-1.254553912,-1.2621852350387848
92,-0.543864986,0.239407559,-1.217938686,-1.2113995602898198
93,0.207215294,-0.174509562,-0.734522001,-0.7783601834813441
94,-1.905846965,2.627381868,-0.813185693,-0.7870054290168057
95,0.390558564,-1.990164666,-0.581686759,-0.6037608701069938
96,1.387102592,-0.684154278,-0.153889488,-0.12517525033594215
97,2.10067821,-2.754349823,-0.561516031,-0.5796524577266551
98,-2.683484854,-1.75408394,-0.041782622,-0.0393169860266841
99,1.115288833,-1.014123506,-0.258076878,-0.2679629088598331
100,1.645079699,-0.270009117,-0.062271813,-0.025536940085594317
101,-1.280198371,2.686517835,-1.168239817,-1.17152433025321
102,1.135407209,1.193527445,-0.629370055,-0.5782236478424752
103,1.23103812,0.058880123,-0.0855905,-0.10353944024582103
104,-0.347510286,0.889292662,-1.286661871,-1.3046202610062854
105,-0.634655465,1.277605634,-1.580345199,-1.5890563015020542
106,-1.887242463,-2.181338209,-0.258687581,-0.28014461953483705
107,-1.00396133,0.274057861,-1.02381901,-1.0659796069790126
108,0.134485279,0.764516411,-0.898428195,-0.9137009225424191
109,-0.635126506,-0.344614794,-1.555757253,-1.5774199350904683
110,-0.786970478,1.050895044,-1.341435772,-1.3362304751697762
111,1.524714358,-0.328708699,-0.071910664,-0.11547901254302326
112,-1.514791253,2.272029957,-1.285766529,-1.2777950637128226
113,2.111061499,-0.258587433,-0.058871391,-0.019505484356029584
114,0.25456557,2.91885149,-0.99659459,-1.0058542044904193
115,3.320846685,2.199128931,-1.654960958,-1.6517152245144395
116,-1.640499463,-1.740614538,-0.655704948,-0.6552913994276657
117,-0.206007591,-0.037619529,-1.143950899,-1.1373660529958884
118,-0.334535848,0.017293651,-1.220844715,-1.23731852762343
119,-0.448879587,-3.161324367,-1.004943613,-1.0160434069351978
120,1.470231324,-2.323635681,-0.701183611,-0.7395202511679705
121,3.654771233,1.058808336,-0.594244431,-0.5358053142782101
122,-0.621291166,3.14497376,-1.254959122,-1.23560675694563
123,-0.375167999,-1.693004641,-1.406438426,-1.3860505986817913
124,0.312906194,-2.236868707,-0.609957421,-0.6393517282027396
125,2.560339188,-0.330180489,-0.053647899,-0.037078491178728606
126,1.297052631,2.485922368,-0.924905622,-0.970823732653942
127,-1.270625454,1.347896416,-1.209553823,-1.240895963493818
128,-2.286700828,1.478347512,-0.803249765,-0.7997234659789657
129,-0.592039052,-1.888802835,-1.377030945,-1.4350288846781594
130,-1.86565893,-0.283146908,-0.4430745,-0.4247192844873414
131,-2.040106421,-0.643014865,-0.392643978,-0.3799467836848371
132,-3.135290972,0.083966086,-0.029642607,-0.02113222763692052
133,-0.42295172,0.767023793,-1.244329283,-1.214845777401335
134,2.232862116,0.438104688,-0.156999808,-0.16107022944472427
135,-1.307244015,-2.770299957,-0.560821024,-0.5300852059623451
136,0.413381379,-2.008362685,-0.563933334,-0.5190032502913909
137,0.466621917,1.066678431,-0.815243511,-0.8136004668852144
138,2.578857647,-0.481625185,-0.075571313,-0.074264402781486
139,-0.460392401,0.849716063,-1.289149711,-1.3192366243573606
140,1.740427162,1.730003655,-1.271803857,-1.2613023360927773
141,0.109066142,-2.04397741,-0.816295993,-0.8140563738099225
142,0.854704413,0.784906384,-0.395756707,-0.41708500263408826
143,-2.559450365,0.743653018,-0.224893615,-0.23293073832849592
144,-0.071226331,-1.151892843,-1.251216212,-1.2643025860445225
145,2.658189531,1.857732599,-1.951748139,-1.954201776626717
146,1.01922196,1.649759045,-1.028262871,-1.0301881473472678
147,-1.009847498,0.909556237,-1.101681905,-1.0697562945226693
148,0.628923467,-1.627032459,-0.459897699,-0.47945346316050663
149,-0.047222623,-2.30564823,-0.901772064,-0.9089986896260545
150,2.048044272,0.18614336,-0.069929962,-0.10440119750226029
151,0.175848969,-0.109833435,-0.75961626,-0.7671213990799308
152,-1.607329618,1.321663674,-0.927761121,-0.9045456211063985
153,-1.866910665,-2.395367818,-0.221664471,-0.20767663531706082
154,-1.307118715,0.179314295,-0.784110977,-0.786804722354645
155,0.000461667,0.433833275,-0.911618554,-0.892224627597017
156,3.928169292,-0.288698702,-0.007933978,0.011148596679514884
157,1.334965429,-2.013523899,-0.678482557,-0.7013133535303504
158,-1.272779277,3.345982436,-0.713738464,-0.715878383582393
159,-2.370403142,-0.873386395,-0.18096845,-0.19391545450394976
160,-1.521708701,-1.254838541,-1.065931592,-1.0873184113581065
161,1.469035735,1.927709631,-1.208300338,-1.1785444618843053
162,0.281986345,-0.809472062,-0.741987117,-0.7854763895999683
163,-0.561242123,-0.969904783,-1.821034699,-1.8601182007619919
164,-0.456514901,-2.24126227,-1.159806946,-1.1621148200498805
165,-2.409741736,0.123467954,-0.09441668,-0.09475682811603728
166,-1.98210108,-0.805899939,-0.478630761,-0.47172355673420835
167,2.046628487,2.190083595,-1.554135964,-1.5495177635393809
168,-0.478580249,1.063811074,-1.426579785,-1.4321863871191798
169,-0.754515856,1.083624114,-1.381353829,-1.372292564476962
170,-2.634334128,0.90708214,-0.315196734,-0.29618990528355127
171,2.79954155,-0.874888584,-0.149334798,-0.1746370772549959
172,0.808008665,3.270079517,-0.384561467,-0.36745227207747133
173,0.483959963,-1.495196754,-0.544133513,-0.5310797317991833
174,2.014750078,-1.789232089,-0.958195367,-0.9827154976256274
175,-0.539416084,-2.290339991,-1.152933313,-1.1790052002384057
176,-0.290408729,0.511042767,-1.127598579,-1.1546156087469501
177,1.378517365,-0.099044102,-0.063272406,-0.057923374839795226
178,1.182540218,2.482039114,-0.919545747,-0.8910536805751392
179,-0.297982777,1.589224243,-1.805568766,-1.8222851774699838
180,-0.857228631,0.749090706,-1.1353034,-1.1496104108231784
181,1.093149542,2.784877016,-0.653791772,-0.6419361302836084
182,2.346655003,-0.704248438,-0.166989391,-0.1429498021254479
183,0.549295274,-2.022804659,-0.486228164,-0.47591496933242683
184,0.236308179,-0.993844048,-0.814683271,-0.7875523473301639
185,0.09346981,-2.909203851,-0.722581138,-0.7212992794991486
186,1.327725131,-0.892751299,-0.226819112,-0.23070189132711627
187,-0.49973944,-0.677633474,-1.702853918,-1.6977355149134763
188,2.767897284,-0.969307745,-0.191987682,-0.20995972194761314
189,-1.959883918,-2.954014508,-0.127430171,-0.13591184831202635
190,0.965031832,1.577820621,-0.988272121,-1.0236644122976493
191,-1.510163276,0.655908274,-0.574327101,-0.5820999101919814
192,-0.446578465,0.99553537,-1.375492106,-1.4077260440628023
193,-1.782370902,0.023707781,-0.403363562,-0.4206009389086625
194,-0.865377804,-0.801875198,-1.819719322,-1.8353941089362145
195,0.957216869,2.155415012,-1.134984573,-1.1533818342124984
196,-3.394901504,1.311319875,-0.622577537,-0.5722835648203307
197,-1.880109995,-0.213031236,-0.404434409,-0.42358474583691835
198,-2.253320942,1.3355055,-0.690155691,-0.6952737908376877
199,0.242925317,1.872540948,-1.5616071,-1.5448491365227466
200,-1.766678688,-1.055694109,-0.75491313,-0.7959935544680456
201,-0.549737504,-0.691130409,-1.740715598,-1.7444771875378517
202,1.36420331,1.917938804,-1.169803506,-1.1833543630620165
203,3.230975077,3.003306955,-0.655425874,-0.646807055889369
204,0.113513598,-0.497824873,-0.916164885,-0.8925373033948234
205,-1.732068195,-2.432309133,-0.294365079,-0.30726108071534425
206,-1.714437162,0.437775929,-0.391879305,-0.38044268374273915
207,0.433987508,0.082044753,-0.484151968,-0.5097877928319249
208,-1.479047978,1.067910333,-0.813957983,-0.8208700413732504
209,-0.093360861,-2.031572242,-1.011735104,-1.0147658945464564
210,-2.787875141,-0.77308697,-0.044639877,-0.02905074329470275
211,-2.800762384,-2.007758374,-0.019170231,-0.013249271412610418
212,1.9568744,-1.349918686,-0.656671526,-0.643394179440752
213,-0.118604222,-2.95235199,-0.879326972,-0.8733344701180487
214,0.511384,-2.978191592,-0.403470685,-0.43625496562144583
215,0.721614509,-1.407560231,-0.405915428,-0.42777919260392033
216,1.919469629,1.201545762,-0.796692157,-0.7637729558505231
217,-0.952616558,1.563238642,-1.642489738,-1.6589801235602863
218,-2.266335837,1.176281209,-0.553295432,-0.5509554082266879
219,2.868562041,2.357000916,-1.748398978,-1.7393417486492373
220,2.967535672,-0.909252397,-0.119749176,-0.09855301346665404
221,1.771232401,-0.200258262,-0.054123934,-0.0648330146610536
222,-0.38464144,0.632965169,-1.188688181,-1.154731363133784
223,0.350781354,-0.119857656,-0.57235517,-0.5997098339859304
224,-0.860361388,-2.35836723,-1.03341292,-1.0555403518766135
225,0.846386527,-2.693468818,-0.328455079,-0.3591135458462294
226,-3.212483102,0.592280855,-0.139069091,-0.17765214596797174
227,0.146970284,-0.555612828,-0.883695306,-0.8580722718426158
228,0.114686021,2.181805551,-1.653771736,-1.683238244218674
229,-1.112401542,0.179080664,-0.969463634,-1.0006116199040909
230,0.852943369,-0.591857903,-0.225841859,-0.1889669128305405
231,0.750126988,0.227385484,-0.265358201,-0.2529177616780016
232,1.786486304,3.12033695,-0.40304089,-0.39388255072728173
233,-0.971455776,-0.425829861,-1.522067142,-1.5316870212544569
234,0.809346748,0.64582383,-0.346321545,-0.33147429544887935
235,0.938935546,-1.672728038,-0.432363163,-0.4227005554617807
236,-1.045719927,-0.327198665,-1.381498823,-1.3790748770685186
237,-0.752783988,-2.151569767,-1.18836566,-1.1936074581378133
238,-1.102478327,3.058835536,-1.021510867,-1.005421635973226
239,3.173744363,-0.309046019,-0.02332917,-0.023042520589608276
240,-0.379631221,-1.097862771,-1.661284043,-1.6621966647861104
241,-2.177265282,1.712934576,-0.981068101,-0.970975778607977
242,2.566171199,0.294557965,-0.111133528,-0.13798748776935352
243,-1.626865428,-3.281618733,-0.284583462,-0.28680191140824013
244,2.301341625,-0.867990925,-0.254431132,-0.26396164980983305
245,-1.540543783,1.054748201,-0.75884242,-0.7399754477537355
246,2.562974278,0.807938478,-0.474998036,-0.4654764834727326
247,1.938961736,-1.12361973,-0.46506734,-0.46943657843163233
248,-1.625728764,0.015394857,-0.542170299,-0.5349226021690408
249,-0.723184789,1.924112096,-1.9458513,-1.9228899694770272
250,1.808744868,0.108518106,-0.055718077,-0.05944614257272193
251,-0.006933447,-1.676077303,-1.036378594,-1.034991233656585
252,-0.345991691,0.191385809,-1.172251319,-1.1945332746781334
253,0.880148733,3.23274713,-0.374266842,-0.3849767424053137
254,-2.284222721,0.031610883,-0.128513679,-0.14454627541601772
255,-0.966454048,0.446387483,-1.01724339,-1.0367180418370152
256,3.38749125,0.977954153,-0.586203382,-0.5710392714118445
257,2.410955039,0.979375539,-0.66773612,-0.6508935579538422
258,-0.152543924,3.398316632,-1.027831571,-1.0574829956789296
259,0.832980676,-0.192671833,-0.205420182,-0.18410359057059372
260,-1.667887763,1.992924742,-1.255678309,-1.2865763176190264
261,0.606623501,2.15654167,-1.279533655,-1.2752123352511786
262,-1.988272638,-0.855022211,-0.478172848,-0.4654974464365945
263,2.464639477,0.80084844,-0.456723103,-0.47054218323102703
264,1.018225568,0.443089676,-0.195837824,-0.20471249970265148
265,1.064584231,0.489803204,-0.197031727,-0.21656858196401582
266,-0.114208047,-3.090404584,-0.870971246,-0.8901413505561769
267,-2.049890838,1.133105257,-0.565686593,-0.5619248584034755
268,0.29335359,-3.704957109,-0.535999899,-0.5435016855650663
269,2.40369859,-1.322583807,-0.537198551,-0.5352832197280548
270,0.710339748,-1.588868933,-0.429080608,-0.4493313926846846
271,1.092137227,-0.583686047,-0.150178722,-0.15225709861824993
272,0.077618728,0.290823095,-0.829508167,-0.8467857948390723
273,-0.096896804,-1.013573748,-1.297084941,-1.296963652164106
274,1.472027023,0.104194474,-0.063014884,-0.050193489866630796
275,-2.235448283,1.485189115,-0.816838423,-0.8457802152431484
276,0.896777835,-0.103456817,-0.174873424,-0.20189533336002108
277,-0.897370706,0.404340715,-1.07001375,-1.080652965311441
278,-2.967013266,-0.749899127,-0.022404471,-0.044417039374108264
279,-2.34687378,-1.046844497,-0.195735346,-0.17985653708389854
280,0.070867423,-1.150291982,-1.044258324,-1.0329735568423681
281,1.873830196,-2.761297994,-0.55487253,-0.5482748713480943
282,1.284132952,-1.027808887,-0.279779549,-0.29054421964698307
283,-0.00394841,3.249264972,-0.991973269,-1.0002942033652162
284,0.132959853,-0.999076082,-0.958301724,-0.958057102147591
285,-2.312330193,1.197163633,-0.563788945,-0.5877066932713841
286,-0.291221966,-2.098230787,-1.143688226,-1.1513820569278905
287,0.674869722,1.489562012,-1.032644311,-1.0380434457192687
288,-2.982856689,-1.172915549,-0.021177297,0.009774843110511557
289,-1.213799976,2.249529606,-1.540448407,-1.5444434797434654
290,0.278810853,2.280337674,-1.471713733,-1.4873449697146017
291,-1.990879494,0.47401428,-0.248399966,-0.24753258957378962
292,-1.374299775,0.556125983,-0.667127596,-0.6871963160230213
293,1.135638529,-1.195788233,-0.327095088,-0.32441793183107404
294,0.856175785,-1.367884189,-0.368055361,-0.3749321804259008
295,1.102512171,0.184434165,-0.122899238,-0.1272181593167424
296,3.083779253,-0.216487904,-0.02676719,-0.020905595040118057
297,1.259397748,2.418830485,-0.975320647,-1.0132384439434372
298,-1.474550108,-1.030760177,-1.18454652,-1.180018790633647
299,0.177693835,-2.252508613,-0.717677984,-0.7043530114834902
300,-2.559417605,0.396334961,-0.103298823,-0.1497627358709651
301,-1.942042308,0.675043964,-0.322705604,-0.3366052674326758
302,-0.212244489,-0.680961736,-1.408215919,-1.4145204881652766
303,-0.215194824,1.564375523,-1.750117304,-1.7595370639050405
304,-0.530070154,-1.291313044,-1.73672973,-1.728098225147532
305,1.110612263,3.222214305,-0.314508407,-0.32804065269737887
306,1.325766732,2.533940277,-0.886526896,-0.8960349588925931
307,-1.164938932,0.750582498,-0.89799675,-0.8972945591149936
308,-0.186812002,-0.741275546,-1.391604456,-1.4512130225553233
309,-1.065477598,2.247260885,-1.667039899,-1.6445539689831556
310,0.36788033,-1.748646926,-0.624165055,-0.6312088474297869
311,-0.658425936,-0.853085684,-1.846609141,-1.8597668316490055
312,1.292233016,0.738414565,-0.268776484,-0.2654826791835422
313,-0.569279948,1.00355735,-1.38071862,-1.3813537319903126
314,-1.881084735,1.32691413,-0.786204527,-0.7531557903240308
315,0.646088935,0.654931515,-0.439056012,-0.4527748095309396
316,-0.630707847,0.68537192,-1.211611514,-1.1929325248426825
317,1.482872743,0.203831669,-0.07373181,-0.0678649411440283
318,0.730718568,0.571240382,-0.356439261,-0.32792404727151564
319,-1.575185408,1.388228619,-1.004925107,-1.005291909878367
320,-2.487244893,0.718484473,-0.21852167,-0.210951659643936
321,-1.851583855,-0.440891516,-0.517750414,-0.4896151582917885
322,1.089328129,0.989053496,-0.462977987,-0.44919000377414725
323,3.3427351,-2.475067305,-0.131516426,-0.1281384251381072
324,1.859212721,1.795436303,-1.396567413,-1.3989199292855548
325,1.337933833,-0.236659588,-0.072902605,-0.062226298472924005
326,-0.42066598,-1.937424649,-1.293457441,-1.2671988631783577
327,-2.46161552,2.475601016,-0.818885889,-0.8050516276803042
328,0.371131583,-2.223472682,-0.569342689,-0.5427883984825415
329,-1.516024649,-2.342965248,-0.482394767,-0.46405811886661663
330,-0.990633487,-0.959118323,-1.784504868,-1.7816476337169111
331,2.111474108,-3.375877972,-0.149845371,-0.13622929389501043
332,-0.855605467,2.398403479,-1.73445564,-1.7412139713579797
333,2.561937688,-1.057817654,-0.300406141,-0.3121667694730281
334,2.847199405,-0.295536786,-0.036961943,-0.04940658498588019
335,-0.575446941,-0.743585163,-1.77706068,-1.7949836150886385
336,0.620576822,0.401369127,-0.373974598,-0.35104408809165427
337,-0.350604011,-3.532964327,-0.979380726,-0.9859939873739468
338,-1.373792244,1.806862941,-1.429741125,-1.449658803768361
339,-2.724491626,-1.94690847,-0.027942982,-0.026467810774291507
340,2.09694682,0.017222626,-0.050554962,-0.046044201536931284
341,-0.154710686,0.747551436,-1.119077286,-1.1024847341255717
342,-0.16830822,1.384084723,-1.581961368,-1.5982332539045905
343,-2.09020393,-2.152931065,-0.160396102,-0.17106857189100055
344,-1.425634884,-0.79910555,-1.226212919,-1.2151778124001613
345,0.778409315,-0.289163973,-0.238060527,-0.2628603975031556
346,-0.905031282,-2.411685853,-0.983963445,-0.9825823059711145
347,0.286578896,0.186846506,-0.62322375,-0.5814868619416643
348,-0.206929462,1.596080794,-1.767924269,-1.7609955394596493
349,0.353807503,0.586330161,-0.631375258,-0.6039319102494108
350,-2.200018047,2.148388153,-1.033806149,-1.0378890377170675
351,0.876648321,0.915263738,-0.468637516,-0.47352197543769114
352,-0.704406263,3.487687692,-1.068428197,-1.0722355483003612
353,0.631653393,-0.12113547,-0.32584287,-0.3327984914639875
354,-1.179549824,-1.351690054,-1.485820075,-1.4717761674814824
355,1.610330227,-2.768028062,-0.487984978,-0.4935367482906892
356,1.279993312,0.027558558,-0.076543783,-0.11058636508469455
357,0.783182315,1.882443276,-1.199603709,-1.200062738374762
358,2.255309446,-2.177076533,-0.908485382,-0.9052787766375681
359,-1.827389979,-2.130291083,-0.312266154,-0.33867191022734333
360,-0.018458242,-2.113524003,-0.920259361,-0.906160655309522
361,2.310435755,1.65667364,-1.62182979,-1.5924634240284936
362,0.910707418,2.506700429,-0.936506803,-0.8974170729556742
363,-0.135162726,0.2097768,-1.02556009,-1.0541426447753581
364,-3.490437894,-0.313741159,-0.006127034,0.0037572549815451835
365,-1.326073442,-0.507716124,-1.212890745,-1.1821466895622463
366,-2.880506971,1.505287916,-0.78642165,-0.7744149376036311
367,-2.486222898,0.054882551,-0.07818675,-0.10713169082800732
368,3.623222039,-1.840621728,-0.069931269,-0.05634372623656032
369,-0.13869351,0.360473058,-1.020503316,-0.992835711654273
370,-1.873208142,-0.13231925,-0.382052516,-0.3703632052275328
371,1.362169179,1.876606529,-1.159597239,-1.180004794443803
372,-1.515015859,-3.138655279,-0.3648306,-0.359466972408016
373,-2.123692695,-1.670326899,-0.252121853,-0.2253745092044059
374,-0.777895864,-1.599307054,-1.590709168,-1.5767741814759901
375,2.697876138,-0.569203298,-0.082076352,-0.07566666695479231
376,-0.368396939,-1.76898477,-1.357783746,-1.3497045040290547
377,2.772801663,1.20130891,-1.056561061,-1.0334639690408236
378,-0.312860466,0.226316861,-1.147268665,-1.1476168160556524
379,-0.645387874,1.90700247,-1.97067121,-1.9520626078250438
380,0.431381835,0.992686856,-0.786649098,-0.776011800310689
381,-1.028908263,2.932946934,-1.174765936,-1.1985412582385833
382,0.231036428,-0.570323022,-0.775702836,-0.8035526469102323
383,-1.395116913,-1.484205044,-1.125457383,-1.1205315936743079
384,1.955184609,-0.540765011,-0.123622568,-0.10295861361686613
385,0.195228186,1.725151856,-1.54545978,-1.5307656075022056
386,0.078747018,2.222336127,-1.667911307,-1.657592366676208
387,3.254353434,0.10599968,-0.051591912,-0.06863516117237128
388,-1.319472238,0.102653942,-0.80594456,-0.8373920211221312
389,0.425459384,-0.294353658,-0.514092404,-0.5243105315262074
390,-0.174331072,-0.818332644,-1.391238362,-1.3601538966811075
391,-0.202396055,-0.990419356,-1.447461085,-1.461684595642475
392,-1.615210436,1.609416189,-1.147584129,-1.1527939059206354
393,-2.145499781,-0.058991843,-0.19216967,-0.24468007559423394
394,3.344390733,0.472449547,-0.165432724,-0.11215397012264496
395,-0.605269111,-3.742601344,-0.989496771,-0.9890284776757189
396,-0.59025049,-2.116652187,-1.236063451,-1.2424492988041778
397,-0.100480938,-0.288484127,-1.126806431,-1.1187141049186489
398,-0.810172204,1.477440465,-1.671402648,-1.6761954005245643
399,-0.805389205,-1.090505148,-1.866172741,-1.8420348565796323
400,-1.166672042,-0.708267704,-1.535087929,-1.5579266765345559
401,-1.790761782,-2.821067612,-0.208406674,-0.21157727926272327
402,-1.114464608,-3.022813666,-0.702041011,-0.7177674962290187
403,0.497823811,2.183618568,-1.342392999,-1.2991235375535843
404,-1.62544473,-1.043821494,-0.956836553,-0.9462375427349441
405,0.070989657,-0.978330296,-1.047881559,-1.0669860186646591
406,-2.331795405,1.380517817,-0.71677594,-0.7640317885989614
407,-0.389080151,3.097488157,-1.287635757,-1.2547868818062362
408,-0.097113187,-0.673956952,-1.250994456,-1.2842311220116935
409,-0.721741888,-0.045438422,-1.339364908,-1.3505306575773233
410,0.022310834,-1.782529213,-0.970950267,-1.007797611092122
411,1.843349268,-0.010428826,-0.048155413,-0.049924699850636016
412,0.623025437,2.920119784,-0.716830798,-0.7204144592222868
413,0.806084434,0.256628014,-0.239952309,-0.2548499918046699
414,-0.882919926,1.872330155,-1.847707452,-1.8589673064879828
415,0.224969859,-0.766612516,-0.812225214,-0.838258073736144
416,2.565911291,1.298117485,-1.201760548,-1.2319050178987203
417,0.900916869,2.311872484,-1.077520646,-1.1255769813481191
418,1.993539259,0.346429948,-0.107660988,-0.09801645328161361
419,-0.442731046,0.143248907,-1.22695789,-1.2257414748233704
420,0.339509228,-3.005223174,-0.520306332,-0.5133589555934144
421,-1.331793754,1.559044389,-1.325210356,-1.3396793840119035
422,-0.622800648,0.964623672,-1.345637564,-1.3248172490596761
423,0.231201244,1.526459684,-1.386769328,-1.3525748616143158
424,-0.018016148,-0.490627876,-1.09059561,-1.070328905178158
425,2.922835306,0.368000619,-0.138941451,-0.09892027846262823
426,-1.750230788,0.380383186,-0.366792182,-0.40946239689983127
427,-1.680780357,3.154826886,-0.511541154,-0.5224498106390776
428,0.615050978,-2.103895912,-0.455506208,-0.4184436355080543
429,0.364657646,-1.227020861,-0.658967148,-0.6443210350689654
430,-1.71986746,0.054740393,-0.444332477,-0.4557668152215137
431,0.195505491,2.41769937,-1.457613702,-1.5047014736341715
432,1.226696321,-1.287593893,-0.388246288,-0.42187192702488013
433,-0.856211974,2.168863695,-1.852765835,-1.835859515895739
434,-0.323780353,-0.267914607,-1.345868128,-1.3490730421920623
435,-1.001765123,-2.53642678,-0.871879081,-0.8669435703713024
436,1.593815154,2.769033841,-0.711432258,-0.7068840012352983
437,-2.426858467,0.193599571,-0.094090483,-0.1394971100209834
438,-1.791749133,1.882103345,-1.174836257,-1.166892186550245
439,-2.455167733,-0.932557747,-0.141837648,-0.1462111960726011
440,-1.24605697,-1.746862003,-1.112014054,-1.09784951271947
441,-1.629607374,-1.23945706,-0.914421482,-0.9299203777571567
442,0.705044194,-0.556930307,-0.303731516,-0.30721486877916204
443,2.045246936,-1.482429241,-0.765054928,-0.7930298145915358
444,-0.913124449,-0.952451235,-1.83357055,-1.8410627246176239
445,-0.122812948,-0.004162458,-1.057457339,-1.0530525962530137
446,-1.308694016,-1.198884959,-1.393863677,-1.4088215822480663
447,0.820376077,1.510537929,-0.980962922,-0.9506417825872184
448,-1.256517713,-3.297659131,-0.568991845,-0.5655999342780753
449,-1.44980876,0.69948262,-0.635449381,-0.6407347848268459
450,1.465038817,-0.771223956,-0.189718184,-0.1767789950993584
451,1.713800194,0.091065083,-0.054340931,-0.06925010328483783
452,-0.105097747,-0.782802107,-1.287001293,-1.2776684273159742
453,1.422257371,-1.400142682,-0.527034415,-0.5479729161655958
454,-0.064568252,-3.042055956,-0.838486737,-0.8247353934054603
455,0.923368311,1.764099392,-1.111381511,-1.1180094013247242
456,1.830962462,1.483963971,-1.099843485,-1.1406210854749832
457,2.855707758,-0.516283335,-0.0567539,-0.05353209461670812
458,0.183756557,0.951318193,-0.965445262,-1.0071286269886925
459,1.469776183,1.396868983,-0.850683055,-0.8812891356551202
460,0.71291662,2.298409938,-1.158885107,-1.1416600295813346
461,-1.933237296,1.296082792,-0.739614471,-0.7019387526078587
462,-0.826936538,-2.070008831,-1.207822647,-1.2384933480348255
463,-0.798851097,0.750156095,-1.1691458,-1.2127282850154362
464,-0.016884674,-1.251524987,-1.15872129,-1.1768062408518014
465,-0.867465131,-1.427166966,-1.692590903,-1.6539409640054528
466,-1.226965343,-0.66354994,-1.438473849,-1.4550358573910682
467,0.875141127,-1.670674453,-0.423022749,-0.40495664100951395
468,3.887585812,-1.995924553,-0.028353879,-0.08218949650577298
469,-1.57662058,0.563659926,-0.50301998,-0.5006932611861742
470,0.367922267,0.4653355,-0.584157337,-0.5689733699458632
471,1.666992869,2.117906946,-1.300521604,-1.3445716302691977
472,-1.723209908,-1.00527662,-0.816793919,-0.8248028805476391
473,1.922784351,-1.32608746,-0.634229762,-0.6202957355767422
474,1.183945138,0.870414771,-0.362262526,-0.3673715941163392
475,-0.503322037,0.848979489,-1.291433137,-1.299974738889539
476,1.424573561,-0.277689176,-0.069810611,-0.050967016671397025
477,2.186654513,3.613116294,-0.128808214,-0.1792902581586026
478,-2.577829032,-1.108396702,-0.095377336,-0.10211854109560817
479,3.266879693,-0.51311137,-0.025211793,-0.02135881375537491
480,-2.968292301,-2.854099209,-0.002927403,0.01275811924794785
481,-0.088680012,-0.104730684,-1.05215991,-1.0751047326126324
482,1.355939467,0.631493453,-0.208543116,-0.19629138280489392
483,-0.284677092,-1.829795516,-1.261068792,-1.293308763388194
484,-1.42666944,1.167988733,-0.931738252,-0.9039968604418143
485,0.662217419,-2.404729427,-0.40959922,-0.3952619380005855
486,-0.719420117,-2.798325774,-0.989737816,-1.009184439622238
487,-0.1088821,3.752351796,-0.90455276,-0.8805943378539225
488,-0.319193708,-0.039947882,-1.233798255,-1.2850941064708854
489,0.806596037,-2.167599543,-0.425188275,-0.44157501918318814
490,-0.645744233,1.222889098,-1.531965701,-1.53119085851194
491,0.270171022,1.993508485,-1.554694272,-1.5575595963688145
492,1.062654338,3.149708387,-0.36911172,-0.39680627789459466
493,-1.356056431,2.739407428,-1.059390009,-1.0725209050094862
494,0.941023508,-2.191733197,-0.44499964,-0.44604370985302466
495,0.249153223,-3.788296933,-0.5724995,-0.5598350944614229
496,0.058296103,1.015899683,-1.117754842,-1.1668639992187404
497,0.595426285,2.882865175,-0.76428434,-0.7944308425169044
498,-1.843418989,-1.321532286,-0.607282993,-0.6374062767822509
499,0.087320428,1.65316673,-1.595927309,-1.5891168392169048
500,2.900565332,-1.047002182,-0.179398804,-0.17273428859492748
501,-1.409785755,-1.698645934,-0.955965276,-0.9465152253771675
502,-2.907311882,-1.246352628,-0.027828701,-0.03258495897663594
503,1.72268639,1.932981672,-1.349173793,-1.336920544374971
504,2.601506799,0.673491879,-0.341080178,-0.3443721119104702
505,-0.207650512,-1.187354484,-1.43741538,-1.4409610506436694
506,1.017455479,1.792742589,-1.105564706,-1.0800681868238033
507,-2.982338296,-0.286385169,-0.019283433,-0.01582186346421854
508,0.157342334,-0.515267599,-0.861764381,-0.8324291738323822
509,-1.530000958,-2.365814217,-0.463057014,-0.4738070976685613
510,-1.343595037,0.171078837,-0.751583557,-0.7155103472209565
511,-0.584530054,0.433075578,-1.186651099,-1.1547832208050306
512,-0.159878691,2.598980123,-1.589435975,-1.5574112683035684
513,-0.968441169,0.755977619,-1.061485713,-1.0739155821274777
514,0.036392591,2.135137471,-1.732518203,-1.7361207568754033
515,-1.755443921,0.569978202,-0.384206209,-0.3964572616769353
516,-2.722580522,-0.279757661,-0.043309196,-0.06967668363176202
517,-1.31901722,-1.575877246,-1.15961827,-1.1597953757821973
518,-0.929423277,1.330177201,-1.474444335,-1.4587898456300405
519,3.433111934,-2.427950419,-0.106783748,-0.10746533911716476
520,-0.552195386,-0.960343081,-1.814950716,-1.8059644998831335
521,-0.776588191,0.204497878,-1.189125792,-1.1893955308769688
522,1.607804079,2.065466303,-1.277603728,-1.3086517240588116
523,-1.205431204,1.458205245,-1.355863085,-1.3419559114375126
524,1.260257623,-0.252393522,-0.082801746,-0.09273646006698057
525,-1.785435793,0.873139683,-0.488638277,-0.47921372338635376
526,-0.502002666,-1.503401702,-1.607167427,-1.60815251410585
527,0.958929874,-1.533839083,-0.407451336,-0.374866652848151
528,0.094217146,3.635289792,-0.771534631,-0.8187392067058732
529,1.698939251,-1.322700641,-0.585896022,-0.5513220426126472
530,-0.067667184,1.049493837,-1.241111773,-1.2319692767455217
531,-0.561195568,-0.417780833,-1.586976409,-1.5692479875403733
532,1.310689492,0.579574501,-0.188603564,-0.19306825280618906
533,1.395291885,2.403603262,-1.012808142,-1.0164239024737622
534,-1.179872861,0.422469696,-0.840899066,-0.8173959993397405
535,-1.314338433,-0.141540164,-0.958963446,-0.9674927199751411
536,1.488680964,0.489931,-0.144031599,-0.14443950322542226
537,-0.490468053,0.784358885,-1.260009898,-1.2228390510218021
538,-1.470296731,0.21699583,-0.61394629,-0.5829478598322511
539,0.948884569,3.92443829,-0.148145402,-0.14924625176281708
540,0.547979213,-0.083187936,-0.388964597,-0.37180892324641057
541,0.539618128,-0.145268488,-0.398232374,-0.3987674665031967
542,-1.277459757,-0.736900273,-1.410921226,-1.4254011247180427
543,-3.255712551,-2.115104039,-0.002282545,0.017018411002434213
544,3.163487608,0.49853179,-0.193884146,-0.22722745610078443
545,-1.492292246,-0.184302071,-0.785487973,-0.8000530661570288
546,0.726498046,-0.044384322,-0.262410701,-0.25200232066509126
547,0.302306903,0.201163181,-0.608549056,-0.6035426002042675
548,-1.776227741,2.689861772,-0.817493743,-0.7754172239335849
549,0.942149451,3.132966073,-0.412537398,-0.38341282934216636
550,1.632254333,0.006421542,-0.050731019,-0.04498884250247981
551,-1.168603933,0.502878848,-0.847400011,-0.8487188978859576
552,-2.781749922,-0.509844391,-0.0401992,-0.030682105436930326
553,1.753741876,3.608146304,-0.10944747,-0.10383359736950891
554,1.003636983,-2.800201014,-0.300291288,-0.3201090366605018
555,1.696642352,-1.366626356,-0.619324393,-0.5998753338639905
556,-3.275101312,3.376746297,-0.150705947,-0.20296052350448773
557,-2.399061188,0.321565079,-0.111552069,-0.11133434323468734
558,0.73928142,2.077017918,-1.226810173,-1.2296742399286273
559,-1.313995409,-1.914709572,-0.908005595,-0.8853775230028129
560,1.55436351,0.481227888,-0.140030643,-0.11352275613254624
561,-3.453020261,0.082935302,-0.026263211,-0.052473770979990286
562,-2.589170144,-3.706253667,-0.012772122,-0.015197394434792476
563,-0.016427424,0.9312951,-1.119899351,-1.1099750708331757
564,2.55884185,0.200983964,-0.083043608,-0.10392978901683157
565,-3.312408091,0.770451839,-0.221089601,-0.2202253723669398
566,0.609226594,0.865507685,-0.573432174,-0.6134698171185885
567,1.828553014,2.768283049,-0.795689538,-0.8061139788610224
568,2.174355083,0.602472142,-0.245562424,-0.26590387838696905
569,-0.422637242,2.330808501,-1.890422961,-1.9088425317550761
570,-1.319632714,1.652042495,-1.39755387,-1.3958938995118768
571,-0.303396402,-0.05381091,-1.228369432,-1.2733682478392105
572,-1.371535264,-2.798052148,-0.502226182,-0.46126763939787124
573,0.069056842,0.542043113,-0.872437214,-0.8395872723320141
574,-0.024495483,1.192144224,-1.321705969,-1.3765733068079742
575,-0.074705062,-0.132004865,-1.045540712,-1.0372643199590548
576,-1.686512208,-0.149871584,-0.557513465,-0.5544961737425398
577,-2.421268056,0.539900442,-0.155937767,-0.16189005754810806
578,3.134435105,0.847409972,-0.493460861,-0.5261067420702807
579,-1.854693506,0.569223302,-0.329738472,-0.3349642776515866
580,0.396686696,3.807545631,-0.485776312,-0.5055981540985326
581,-0.020643051,0.101211906,-0.936070504,-0.91367283680461
582,-2.575058976,1.585240654,-0.855551721,-0.8671525422752517
583,2.052419635,-2.241353425,-0.942324459,-0.919304481098728
584,-2.94516461,-1.646202526,-0.017510418,-0.016826278365506524
585,-0.089961943,2.958859549,-1.244121878,-1.2784800685309123
586,1.607271336,-1.0586929,-0.366361659,-0.3635889668193781
587,-3.000431401,-1.167393354,-0.019749087,-0.03972324061804792
588,-0.625820666,0.590874517,-1.190780526,-1.175423897691108
589,2.401522142,0.016132325,-0.051663971,-0.05380022518051865
590,1.710305698,-2.639819558,-0.618212595,-0.6381762893679632
591,-1.499253286,-2.013437377,-0.647499345,-0.6422396012608068
592,0.743986639,-0.139300064,-0.252498036,-0.2161265421130225
593,0.303103138,1.479665197,-1.289790583,-1.250323090283198
594,-2.311177706,-2.904612347,-0.042378219,-0.07695217414468901
595,-0.601562757,0.160774308,-1.245465466,-1.243208070747844
596,-0.362092067,0.985964669,-1.351703964,-1.357658732311375
597,2.03550885,-0.823630251,-0.252559591,-0.24716151038126896
598,2.989632705,0.114603209,-0.05988077,-0.07214800728069798
599,-2.363583452,-0.096468778,-0.11221887,-0.14970614606410448
600,-2.60565271,-2.034249017,-0.037918293,-0.040257628654252094
601,-2.051444834,-2.11138659,-0.186345624,-0.2050087569902646
602,-1.215953759,-0.103197174,-1.037970378,-1.0138886084639078
603,-0.537875284,0.87274163,-1.303420989,-1.3118162744690625
604,2.533677501,-0.908675616,-0.229113804,-0.24133308952098517
605,-0.823099518,-0.774946556,-1.822725304,-1.7820919553842511
606,-0.429930519,0.016057082,-1.272017027,-1.280867771549028
607,-2.91182793,0.713125496,-0.195243256,-0.2016956167359081
608,3.45199053,0.666860873,-0.272506971,-0.26370686221844575
609,-1.265689125,2.077031882,-1.550549081,-1.5306347099601072
610,-1.84899463,0.6928606,-0.370870285,-0.3320567623395239
611,-2.816391608,0.933745878,-0.326364324,-0.32098543323571377
612,-1.695651348,-2.564499405,-0.292722039,-0.281220370844967
613,1.12075251,-1.771289705,-0.516516672,-0.4766014575800645
614,-0.585901832,3.231219095,-1.21226162,-1.206748191767568
615,0.675838982,3.56151071,-0.339415858,-0.3290224622446364
616,-0.128185537,-1.781503541,-1.135073299,-1.170972988178879
617,-1.079486233,0.545625902,-0.926519208,-0.9361439273611967
618,-0.227040663,2.768814728,-1.482011025,-1.4482214434977065
619,2.173787112,-0.797230121,-0.229866929,-0.22442415154790205
620,1.160351627,0.209599786,-0.113193912,-0.1315824479113991
621,-2.37990499,1.481196627,-0.7935258,-0.8399815652052401
622,-1.732803914,2.106312621,-1.20755338,-1.2181009085349621
623,1.32843708,-2.091495832,-0.668349842,-0.6817365352579168
624,-0.438026001,1.857748998,-1.976379434,-1.989574587228955
625,-2.71204822,1.435961125,-0.735139996,-0.7423400623789459
626,-1.158501676,-0.814871642,-1.590863366,-1.6026760895937457
627,2.84128025,-2.285777633,-0.454121773,-0.46407467951308856
628,-3.599822339,-0.19535104,-0.008744687,-0.01677538041946743
629,0.338247885,0.221878448,-0.575681157,-0.6024905021171819
630,0.005728061,0.312189915,-0.897369267,-0.8923004851747443
631,-0.001631028,-0.457085088,-1.059001358,-1.0351648364487644
632,-2.143259055,1.780041076,-1.020074246,-1.0160883303883663
633,0.003125117,-1.393965691,-1.102244297,-1.0897660398638274
634,0.014296029,-0.002229528,-0.918191462,-0.8973074042544749
635,0.769935336,0.2950435,-0.264356558,-0.2653845307555169
636,-1.235035493,0.47575028,-0.787730689,-0.7806380739032804
637,0.7698871,-3.095751094,-0.266186797,-0.27456337170765904
638,-1.948791288,1.451479836,-0.863747966,-0.8580249238697283
639,0.585731798,0.396398562,-0.396712265,-0.4024227666492822
640,-0.432002439,2.244096119,-1.937601626,-1.945611808670813
641,1.607226294,2.725838796,-0.762227184,-0.7849901858888959
642,-0.053786831,2.102717198,-1.809375802,-1.803457558596634
643,-2.066188461,-3.374582434,-0.087181238,-0.1530040222216053
644,0.234956102,-1.168674955,-0.816416732,-0.8116551724995259
645,-3.271466754,0.483681002,-0.10143389,-0.07032295659284621
646,-0.220471883,-0.465658213,-1.337164149,-1.3234592197761696
647,-1.092161842,-0.896620901,-1.685475824,-1.6951715503884919
648,0.557798004,-3.255196526,-0.353022551,-0.3517142158276929
649,0.722503122,-0.07581623,-0.264750314,-0.23649707460110225
650,-1.459952014,3.149613874,-0.664623623,-0.6734331462814479
651,-0.294916144,2.159721649,-1.933744249,-1.9080516227433593
652,-3.65500204,-2.044233157,-0.000339409,0.013160528396890674
653,0.61924479,-2.122280243,-0.452746716,-0.4224183381835947
654,-1.180776257,-1.799663624,-1.139758509,-1.1863573237821237
655,0.889128571,2.272345689,-1.102807436,-1.1115737200312912
656,-0.266324431,-2.339624198,-1.049115695,-1.0353689618028348
657,0.51453518,0.995390325,-0.726117778,-0.7395768921174641
658,1.473492195,-0.075959656,-0.056062766,-0.04954916333916461
659,-2.618558999,1.263099135,-0.592663638,-0.592539601482815
660,2.226495983,-3.221716252,-0.214139724,-0.20725299998566424
661,1.192031813,-0.164839326,-0.089149544,-0.06843679408138281
662,0.385225381,0.53840759,-0.589167863,-0.5856617866669626
663,-0.310706358,-2.38817404,-1.059452815,-1.0450920472785568
664,2.696969426,0.982535194,-0.709409464,-0.7282961208765314
665,-0.5513936,-2.417926733,-1.108119927,-1.140545518950761
666,1.996009829,-1.592430156,-0.848999087,-0.8160883071510927
667,0.087758383,-0.277549773,-0.896560233,-0.904094164848855
668,0.189431026,-1.490622125,-0.841781408,-0.8537488362975276
669,0.041998644,-1.962753245,-0.900685008,-0.9273320082649079
670,-3.48838476,-2.079315245,-0.000770481,-0.023353599601355753
671,0.17720976,1.398093972,-1.329964288,-1.3259641074438857
672,-3.49141421,1.475383196,-0.759537237,-0.7716002703956018
673,-1.419428118,-0.277234549,-0.932429095,-0.9195327845818491
674,-0.435088816,0.167579109,-1.216567536,-1.2305927110231678
675,2.024870114,0.305536686,-0.096738267,-0.0950374390474957
676,-0.031908637,1.484549582,-1.571061881,-1.566864702055331
677,-0.349051091,0.793853013,-1.237147937,-1.221482486310143
678,-0.496154765,2.074158699,-1.994588193,-1.9732386309601286
679,2.153509807,-1.73922661,-0.913403618,-0.9278814155983683
680,-1.570940352,1.421397522,-1.035162147,-1.0365061828000501
681,1.004400494,1.273796412,-0.722309232,-0.7168605027273374
682,-1.51040663,-0.046347708,-0.685823479,-0.6848085887155072
683,-2.900745013,-1.89051965,-0.015345772,-0.043469961205119076
684,-1.491920907,0.346708941,-0.566861968,-0.5897528756448618
685,0.783248037,-0.54111801,-0.25505565,-0.22802940838891683
686,0.899253479,2.381431613,-1.033886513,-1.016555506116416
687,1.506567752,-1.702881439,-0.736644342,-0.7398680908735816
688,-0.521579091,0.274095854,-1.207292595,-1.2124767166562014
689,-1.425231579,1.533585055,-1.230689052,-1.2355626495955074
690,1.36554418,0.539377743,-0.168057115,-0.19891113201657587
691,1.261936313,-0.09895115,-0.076683524,-0.06965465262563438
692,-0.727281059,-0.715784812,-1.806677758,-1.8009141719290824
693,-2.538181136,-2.145861448,-0.040946876,-0.06241924623681079
694,0.047221744,-1.243180902,-1.068502928,-1.1069875551810204
695,1.334839035,0.858436723,-0.343161219,-0.3357771979304671
696,2.414189107,0.275261438,-0.101640398,-0.08452056810033438
697,0.208096384,2.89675287,-1.05384225,-1.031204930181433
698,-1.842732773,1.906429815,-1.156203318,-1.1564447147229617
699,1.407840027,2.5255336,-0.910161376,-0.887113404280867
700,1.994791439,0.280424301,-0.088883026,-0.0486957538898059
701,-0.710961725,-0.610607933,-1.748098171,-1.7586973497187801
702,-2.400504172,2.756755848,-0.591012357,-0.6183809986508689
703,0.933933077,0.046423139,-0.163579937,-0.19330912430863387
704,-3.140641948,-0.309557745,-0.012112842,-0.03790170750969976
705,-0.786159728,1.644552299,-1.803568091,-1.7753157354490565
706,-2.748541089,-2.851093556,-0.007899168,-0.012010458595259902
707,-2.604093063,0.516593991,-0.130345374,-0.1594827147234333
708,-0.90760644,-1.360916172,-1.717483774,-1.72702880361908
709,2.246542098,-0.897907075,-0.280277469,-0.2389891083256717
710,0.411797784,0.351109013,-0.523955763,-0.5435535545499397
711,-1.638817788,-0.172928203,-0.617776289,-0.6058779500978564
712,-0.68374513,-1.32327444,-1.782323974,-1.7683107431761607
713,0.265307883,-1.242846167,-0.774696227,-0.8186619192361817
714,0.02628216,3.28935079,-0.9478672,-0.966621195507776
715,-0.694673648,-0.24548324,-1.484853886,-1.4796589970753595
716,-2.344681191,-0.932044115,-0.196661929,-0.22270394052961792
717,0.940825241,0.838525989,-0.395649919,-0.3822935813034696
718,0.288493273,-1.448612502,-0.731898024,-0.7692155533530161
719,0.837807892,0.219466912,-0.219674863,-0.2473240408235371
720,-2.933834255,3.042863753,-0.339711932,-0.304805607687568
721,-0.921681102,-0.581417731,-1.672547494,-1.7067945366769293
722,-0.696447952,-2.204851118,-1.176376199,-1.1533140176399905
723,1.460962073,2.100637057,-1.199220493,-1.2023388931981922
724,0.023528482,0.636571757,-0.940308834,-0.9540452816509218
725,-2.083069945,-3.386972434,-0.082622733,-0.07022332555998567
726,-0.270925905,0.375961866,-1.108940179,-1.12165503094487
727,-2.318650642,-3.555254464,-0.036864495,-0.03712234606936289
728,0.658601772,1.663631821,-1.165557954,-1.1584104804522648
729,0.106831557,1.541346347,-1.503447374,-1.4833625474677903
730,-0.154121913,-2.866154517,-0.906832007,-0.9076556796508817
731,1.426551533,1.056377902,-0.506247185,-0.49341223502584053
732,0.874848514,0.578951552,-0.290545341,-0.2697604051758062
733,0.817405318,1.095162852,-0.628295155,-0.625640822513842
734,3.06188806,-2.865168349,-0.153186012,-0.1155982376597453
735,3.459649084,-2.577001689,-0.085136063,-0.11013631404129781
736,1.87389622,-1.026016757,-0.385138838,-0.3656822707542662
737,0.112910013,-1.842179912,-0.857127945,-0.8527947214827271
738,-1.930285769,-1.824985138,-0.342379868,-0.3335155005115986
739,0.795541561,0.511752832,-0.302703148,-0.31529667171282433
740,-0.522521595,-0.968386455,-1.795577142,-1.803653675445421
741,0.57401194,-0.738518108,-0.421146717,-0.4245698987539544
742,2.561152331,-1.167281816,-0.365009116,-0.3535687523205932
743,1.939626814,-2.570073571,-0.722526423,-0.754441082832546
744,-1.36985972,-3.509653023,-0.470838311,-0.4525019482070475
745,-0.877398955,-0.417978371,-1.572187968,-1.5473083345617358
746,-0.830908888,-1.583594808,-1.587866942,-1.6027266058064844
747,-1.248880741,-1.827021826,-1.045069282,-1.0379609755023869
748,-2.94972967,-2.141437602,-0.008546307,-0.03343924104939831
749,-0.647393395,-0.896188875,-1.852625798,-1.8436267213624573
750,-0.799009556,-1.111289169,-1.863302142,-1.818828921824681
751,0.423618394,1.5051014,-1.212609332,-1.1821491661184271
752,2.800591278,0.179636148,-0.077240499,-0.049968338264726485
753,1.099316713,-2.110232556,-0.51997254,-0.5107514059429449
754,0.298995047,0.514403,-0.657211638,-0.6616102003997051
755,-0.154024267,2.027798169,-1.886683162,-1.8709180095872602
756,-0.893379078,-0.50470598,-1.632154536,-1.6219253578752306
757,1.662448899,-0.971609749,-0.32023265,-0.27735003696087573
758,-1.003698925,-0.149580441,-1.270948628,-1.250385521269537
759,-3.722972857,-0.150858399,-0.010115708,0.007901411739954867
760,-0.433609936,0.693099971,-1.218120927,-1.195269823745709
761,1.618764666,0.683489859,-0.237804184,-0.27080804188595187
762,-3.376105793,-1.450211402,-0.003146364,0.0051117306715223205
763,-2.146257348,-0.014093564,-0.185514917,-0.215446043849408
764,0.146940758,0.989459827,-1.023718608,-1.0178334431788496
765,0.775847578,-1.1961136,-0.354580195,-0.3886843632104787
766,1.01720969,1.328690424,-0.769000607,-0.7737453322232128
767,0.453211972,-2.385923941,-0.499559825,-0.5295772422252036
768,-0.044116756,-0.274330605,-1.055652226,-1.0700714153425805
769,2.790163565,-0.892521349,-0.157585895,-0.16998903958221245
770,-1.581044359,2.658292249,-0.959119565,-0.946093984858363
771,-0.939728316,0.915064435,-1.157808864,-1.1430344925309883
772,0.537377985,-0.036894937,-0.396512435,-0.4047267720952878
773,3.515626259,0.579818265,-0.207238393,-0.2026123123832117
774,0.421111629,-0.766970194,-0.572328642,-0.5846089931949946
775,2.005766082,0.22531959,-0.076484976,-0.09136069539906744
776,1.929138602,-1.077731244,-0.428068051,-0.4642313337846228
777,-2.027330816,-2.173554231,-0.184834578,-0.21397025241381815
778,-0.347684946,2.18881003,-1.942136601,-1.9882358157780895
779,0.475618047,-0.196993716,-0.457355425,-0.4260036832098248
780,1.373910683,-2.771330666,-0.402721613,-0.4004950938415617
781,-1.420072077,0.133533208,-0.691514379,-0.6996839742967815
782,-3.289743904,0.168459962,-0.036691591,-0.07327233717698009
783,-0.804457264,2.4372215,-1.73748021,-1.737205020663569
784,0.010019176,-3.252336543,-0.777190126,-0.7525899637182948
785,-0.868397801,2.800366975,-1.400074185,-1.4070826335828608
786,3.792076448,1.52404895,-1.066455146,-1.0590088640946371
787,-0.485474331,-0.755503956,-1.723612037,-1.725466981370606
788,1.315784515,0.224927161,-0.090758395,-0.09413353272907136
789,-3.875254896,0.776602329,-0.223889507,-0.24288162717556827
790,3.28329659,-2.075646389,-0.191557211,-0.19560464687673582
791,-3.477654472,-3.801389088,-0.000141889,0.018858605055003794
792,1.044136065,-0.589976864,-0.161308573,-0.18591648732932348
793,1.130828559,-2.804455977,-0.316341832,-0.31388665002734406
794,2.856453691,1.825137832,-1.928855862,-1.9247012681295164
795,-0.182197496,0.534196838,-1.069296081,-1.0561446826730057
796,2.260059998,-1.950952401,-0.932861106,-0.9047786276282963
797,0.639376145,-0.658417725,-0.36040607,-0.37738596255318946
798,2.322323482,-0.811041515,-0.220297067,-0.22624627555170954
799,-0.452483758,0.257727186,-1.198149586,-1.1803287252424322
800,-1.277609756,-1.984243311,-0.897682449,-0.9494919919512461
801,0.470442964,-1.818571147,-0.54207208,-0.5499469896892923
802,-1.413633901,-1.590167936,-1.028885465,-0.9999891112416028
803,0.897164799,1.277799902,-0.754891947,-0.7617062355775093
804,-1.013692068,0.457524308,-0.980173126,-0.984134309527274
805,-1.151757665,-1.115840085,-1.618198298,-1.6592089022888281
806,1.875846303,-0.306043592,-0.066741768,-0.041292158832466924
807,1.442429072,0.948912705,-0.41437773,-0.4087117083369777
808,1.288571276,1.291186097,-0.717400144,-0.6946750474138694
809,-3.548595218,-0.597615832,-0.002550338,-0.01114656084620538
810,-2.428730651,0.276288987,-0.100948508,-0.09749262224978048
811,-0.630509175,0.23343654,-1.217783783,-1.2253628060202806
812,1.74147109,-0.066101652,-0.048085029,-0.08709103088213138
813,1.861959472,-1.210630387,-0.530245504,-0.5452841388916373
814,0.031915768,-0.860753643,-1.097684841,-1.1211534724303063
815,0.297473686,-2.121584018,-0.63650913,-0.6818797040054975
816,-0.240111926,-1.158876691,-1.485343801,-1.496677387461841
817,1.283348528,0.068590066,-0.07837475,-0.08225782435297593
818,1.945201549,-2.319626639,-0.902738131,-0.8800420990683789
819,0.232906129,0.644229702,-0.758497003,-0.7722206963709213
820,-2.868854441,1.460855163,-0.751484048,-0.7582242326179052
821,-0.38477342,2.301936148,-1.899739152,-1.9015695317342498
822,-0.648352423,0.005799727,-1.31832234,-1.2874356836463783
823,2.121231423,1.949312073,-1.670188105,-1.6678510709882586
824,1.822048033,0.688474517,-0.260008788,-0.31895413978435
825,-2.777017896,-1.284554208,-0.044833981,-0.07441468600912361
826,0.207030349,-1.303404458,-0.843803678,-0.8546345264261204
827,-2.911852649,0.115902289,-0.03914958,-0.02767770271567901
828,0.024740362,-1.376776809,-1.076616931,-1.0716209164590602
829,0.944718509,2.479062723,-0.949508101,-0.9191284919405533
830,2.046646383,-0.363121816,-0.076091374,-0.1275855275229249
831,1.29064009,-2.410804641,-0.551932398,-0.5913348369010295
832,-1.57524894,-0.330604705,-0.777931939,-0.7915996177838301
833,-1.005402851,-2.377178406,-0.924755987,-0.9184648115955837
834,1.965456719,-1.429353857,-0.723635962,-0.7377497947651843
835,-0.080988533,0.492864351,-0.988471906,-1.001859019261711
836,0.805530191,0.143733419,-0.227290356,-0.23775371686200433
837,1.411526106,-3.075615442,-0.248335392,-0.25147888935815926
838,2.253059505,1.804369563,-1.714811204,-1.7166587684491705
839,1.647341558,-0.997435467,-0.33420147,-0.31289969671032336
840,2.585850685,-2.074101947,-0.705670357,-0.7008699927648647
841,0.427580859,-0.220836146,-0.50479391,-0.5150898032805842
842,-3.417020337,0.321411234,-0.060453648,-0.053000095879749166
843,0.396905945,-2.209667045,-0.553476944,-0.5416254569292364
844,1.040856349,-0.022116759,-0.124683468,-0.13110244414967887
845,-0.56241001,0.356021054,-1.194444716,-1.1925062152303259
846,-2.87371365,1.101143482,-0.449707838,-0.4585491658745174
847,1.857352659,-0.173380922,-0.05173473,-0.059200417233123144
848,-2.401319341,-0.387426234,-0.126692694,-0.1292911496365379
849,0.781290172,-1.888429845,-0.436312842,-0.44560947327312156
850,-2.796274841,0.389445067,-0.085615841,-0.06931498222562694
851,1.094887863,-0.1598933,-0.109653009,-0.11299989163049125
852,0.025776497,-0.196492929,-0.950376213,-0.9394153655221427
853,0.285937335,-0.921669561,-0.746123107,-0.7438596582880905
854,-1.287797083,0.986095692,-0.913150305,-0.9217231295525643
855,-2.628405973,1.85330444,-0.989510318,-0.9996149560968325
856,-0.485534735,0.023668949,-1.289075851,-1.215212611780434
857,1.581160161,-0.750139147,-0.190949596,-0.19216387227529286
858,-0.149526646,1.776543812,-1.836136136,-1.7932140023180734
859,0.501996417,-0.450016802,-0.455918401,-0.46511924403684746
860,0.098949395,-2.890241983,-0.719143275,-0.7299200292874825
861,0.159296345,-1.96988143,-0.783027399,-0.796934394207685
862,-0.021313043,-0.209177883,-1.008804995,-1.0287891018529085
863,2.469486319,-0.52124305,-0.093564331,-0.09401898403753581
864,0.888596652,-0.437263177,-0.193992123,-0.20529004821714705
865,0.003714224,-2.520455598,-0.826262043,-0.8545288073743035
866,1.1025139,2.900717841,-0.550405273,-0.524602348094146
867,-0.442739267,2.834425048,-1.495188964,-1.4912920561747833
868,1.643333266,-1.622672054,-0.774437345,-0.7388408432557548
869,0.459329663,0.82348332,-0.65454694,-0.663920683031404
870,1.642982911,1.510657274,-1.028281165,-1.0732791067348308
871,0.20452338,1.156111387,-1.102334201,-1.1094756120178155
872,0.504890244,-1.857654907,-0.518873405,-0.49660450083728847
873,-1.539781782,-0.957539322,-1.085264026,-1.0699545788415823
874,2.439526436,0.932129522,-0.610365832,-0.5838197544615636
875,-0.89309678,0.619229256,-1.07725666,-1.0943648024317607
876,1.305298276,-2.88573409,-0.320200634,-0.3461840354245083
877,-0.811836383,0.653245176,-1.133127328,-1.1830310926528145
878,-1.301658456,-2.810315758,-0.560353393,-0.5444752355460021
879,-2.146637683,1.720721638,-0.991574194,-1.0015920165189722
880,-1.22152547,1.412476669,-1.305080291,-1.2970355850250337
881,2.256869883,1.398308784,-1.242729228,-1.2442858992326953
882,2.904268577,-0.858279102,-0.120453305,-0.13881159536695414
883,-0.333879776,2.391883517,-1.830489785,-1.8498065366145853
884,0.510790717,1.054334041,-0.773109062,-0.7646568968037057
885,-0.589603529,-1.401325479,-1.712160112,-1.6921234589582512
886,2.781806556,0.958055184,-0.675130688,-0.6321959822770578
887,1.149250522,-1.093077464,-0.288761543,-0.3027721447470387
888,0.39899378,-1.930262865,-0.581799379,-0.5698922568515844
889,0.260372142,-3.014014544,-0.58180578,-0.5854830526317738
890,0.665532583,2.237443417,-1.21449735,-1.1752080792873256
891,1.122150705,2.571572858,-0.84424932,-0.8510922334405105
892,0.563247755,-1.370600061,-0.483977162,-0.5101234086211488
893,-2.59317713,-1.230353454,-0.087461705,-0.09864948998271579
894,-0.439870984,1.375601953,-1.676146849,-1.6886427566958273
895,2.459386486,-1.785203371,-0.773395799,-0.7797765073355774
896,-1.497159684,-2.01251867,-0.650146307,-0.7184858805711869
897,-0.004219817,-1.059067611,-1.15929498,-1.1790770275696878
898,1.992526709,0.201415969,-0.071433418,-0.05101393652988265
899,2.655061627,1.23802449,-1.114162508,-1.1539362619423412
900,0.779385434,0.598070797,-0.341122623,-0.30747526076878795
901,1.828803625,-3.152835828,-0.261503231,-0.26458826329104473
902,0.262316424,0.921229802,-0.877302359,-0.9032252706620214
903,-0.999784301,-1.66591027,-1.420907694,-1.4116440835540327
904,-0.911051053,1.448398665,-1.584679761,-1.5646017021968095
905,-0.242152434,2.384549491,-1.798330213,-1.8205207068630578
906,0.194966678,-0.220008329,-0.756315924,-0.7931632957768745
907,-0.144429222,0.543008378,-1.045444414,-1.0138730532198004
908,-1.390946347,0.422475856,-0.648620888,-0.6057410682191929
909,-1.639143875,-1.111537468,-0.929662431,-0.9229512526630539
910,-0.468620932,-0.642483885,-1.663830759,-1.65014489108428
911,2.588218159,1.437156875,-1.438221873,-1.4108091408982208
912,-1.349106639,2.929962175,-0.90739794,-0.9640929193445756
913,0.716209344,-2.117186911,-0.432708818,-0.41685876095128654
914,1.162193506,-2.226436883,-0.536041849,-0.5532652036198442
915,1.751253455,3.477383674,-0.160614178,-0.18400306193707297
916,0.54384678,-1.981065936,-0.491515097,-0.5095574943252877
917,2.325844651,1.670656227,-1.647030314,-1.660140530737534
918,-1.053962887,-0.68188926,-1.637639879,-1.6215127298867393
919,2.148259056,-0.090358793,-0.04789874,-0.06608898282501374
920,-0.24874376,-1.281340767,-1.468070499,-1.4556173415199545
921,0.233004055,0.265477819,-0.678117359,-0.6949133068634724
922,-1.694320718,1.540307985,-1.05066201,-1.0838361606239473
923,-1.346294793,-0.664030155,-1.281743333,-1.2595677388243125
924,1.062980211,-0.697530572,-0.176777245,-0.2329188438731987
925,-0.604129396,1.590591906,-1.835946693,-1.8288711977654903
926,-1.12991909,1.918491583,-1.66604507,-1.6763610460688094
927,3.355926537,-0.002834843,-0.03359986,-0.017641630482160765
928,0.47824933,1.318534712,-1.016697168,-1.0428495413392829
929,1.03415571,-0.884181946,-0.224304094,-0.2269845211537319
930,-1.991620631,2.896849,-0.55545879,-0.5702647182374513
931,-1.098459808,-2.874781564,-0.728463352,-0.7008842000974705
932,0.029145849,-1.935119784,-0.920892021,-0.9031761644340643
933,0.506299308,-1.529658407,-0.527475776,-0.542182120547648
934,-0.375395745,-0.165052942,-1.331063167,-1.347561725463687
935,-0.555706102,-3.053539881,-1.009483243,-0.969176582985525
936,-0.687242309,1.9775842,-1.965180794,-1.9757396679586259
937,-0.128117727,2.600577152,-1.568210808,-1.5436369920705681
938,-2.606972848,0.042570604,-0.058974141,-0.08556951943903533
939,-1.007531838,0.314683505,-1.008881906,-0.9816337680399508
940,0.207265073,3.576769213,-0.689749928,-0.63345590009636
941,0.298125293,-0.644800439,-0.702036003,-0.7036985804290397
942,-2.354674695,2.087534625,-1.024449044,-1.0238938253064187
943,0.559817332,1.732358405,-1.263841568,-1.2488804118919994
944,2.816031773,1.154245389,-0.976003533,-1.0050520972760473
945,-0.794491768,-3.195294355,-0.924764601,-0.9080398965959809
946,-0.097396746,-0.021742558,-1.037444779,-1.056959209917746
947,-0.082972495,-0.763681839,-1.251562095,-1.247811712700833
948,-1.334017769,-1.706581904,-1.04169931,-1.0803688413888466
949,-3.252661474,1.472614983,-0.757720482,-0.746146159213526
950,0.093482152,-0.467856158,-0.935807118,-0.923996851026858
951,0.261688394,-2.768389181,-0.595720986,-0.5891156607226287
952,0.210241287,-2.431041038,-0.66740372,-0.688698184380723
953,2.225392725,-0.237637213,-0.054948297,-0.03869568770295091
954,2.013802897,0.725572842,-0.314095185,-0.29456716515108433
955,0.759462596,1.288864922,-0.8194831,-0.8388496450795373
956,2.618654147,-2.335817189,-0.609322528,-0.6195914230832178
957,1.981738846,-1.250575016,-0.572367801,-0.5854232790733911
958,3.4143855,-2.986536178,-0.051112017,-0.04449776935602775
959,1.31993975,-1.015743675,-0.280172109,-0.2718378748288571
960,2.301850041,2.958331553,-0.726075642,-0.7076055323291712
961,0.883724363,2.265807079,-1.107792846,-1.125749632373265
962,0.34891382,1.503043107,-1.270358068,-1.2536147075465764
963,-3.614172034,1.995932211,-1.000044991,-0.999095012140706
964,-1.442518825,-1.141957957,-1.217147781,-1.2256972632893868
965,2.756078077,0.172176779,-0.075872962,-0.08859199590643922
966,-2.919094014,2.43457439,-0.830780916,-0.8532818980671196
967,-1.795319443,-2.428530386,-0.255803875,-0.2507542795034962
968,-3.815705499,-2.606000502,-4.41369e-05,0.028344699438784298
969,-3.118815261,1.199546425,-0.528049553,-0.5436569938582206
970,2.094443672,2.158142076,-1.611092765,-1.5838882324324999
971,1.020386603,-1.68884033,-0.4572889,-0.48287520337604384
972,1.467197486,0.868593699,-0.352775399,-0.37072679695182775
973,0.389304357,-2.133383016,-0.566998085,-0.6075986666682176
974,-0.09237899,0.493178805,-0.997431731,-1.031821877887151
975,0.016997941,1.240548794,-1.329833928,-1.3108146171377366
976,2.296262815,1.777022206,-1.726353622,-1.7221373876878152
977,1.742546005,2.376232997,-1.189136597,-1.1366281793958235
978,-0.630249804,2.371921833,-1.854012536,-1.8586087238673097
979,3.038993218,0.849745112,-0.511390687,-0.5122386165373571
980,1.96988737,-1.813014643,-0.967084537,-0.9862282548858328
981,-0.85702685,-1.98796812,-1.249767669,-1.219848975943177
982,-2.209216525,1.526805276,-0.853632519,-0.8731663986004207
983,-2.480167597,-0.44527012,-0.104548724,-0.11245392289877068
984,0.842688887,2.849095698,-0.66391173,-0.7024088861971252
985,-1.339661523,2.55902669,-1.225703572,-1.238864532486277
986,-0.601205216,2.558242166,-1.722071448,-1.6936406484839088
987,2.399041836,-2.021344719,-0.852635441,-0.8450133505663173
988,1.552784446,1.582534915,-1.055223856,-1.1013575880050976
989,2.343921786,-0.826584715,-0.225154152,-0.23810997383629848
990,2.201908549,-0.665224847,-0.163776756,-0.17849661129727257
991,-0.824202494,-3.140634761,-0.910241303,-0.8946958306739602
992,2.491687354,0.774090081,-0.431113556,-0.4408399002705439
993,0.168563664,0.658520276,-0.821475411,-0.8531291386933499
994,-1.800882721,0.6933036,-0.395359074,-0.3910216397243271
995,-2.794360129,0.071532739,-0.042110362,-0.044830098561174495
996,1.386606617,1.503270958,-0.93158766,-0.894825514072781
997,-0.522437487,-0.676367856,-1.717481482,-1.735361371433204
998,1.907084117,0.760538936,-0.324464989,-0.34984186563882924
999,-0.303574911,0.694336305,-1.178870202,-1.1910786813343759
1000,2.115927021,-2.411162972,-0.834264705,-0.8557046317059006
1001,2.58471303,-2.584333727,-0.505004041,-0.5253757123136173
1002,2.146906043,2.502600005,-1.317602418,-1.339362227664746
1003,-3.417004442,3.093431595,-0.302726271,-0.3102332585636709
1004,-1.158022485,2.624032126,-1.326019062,-1.3232094503868048
1005,-1.714968976,2.307984175,-1.138031964,-1.1208323780588911
1006,-2.918359358,0.150474694,-0.042285541,-0.006864830970718307
1007,0.408296583,-0.810430172,-0.590645259,-0.6098483985243026
1008,-3.237336006,2.256734377,-0.936769872,-0.956543453893302
1009,0.779153597,0.715860401,-0.393266921,-0.42242745156999795
1010,-2.257480914,-1.173839014,-0.245193909,-0.26233644509132087
1011,1.598313311,-2.819318978,-0.447185733,-0.44531159080640914
1012,2.589276937,2.375158904,-1.715341542,-1.7229764220555006
1013,-3.017729077,1.652090846,-0.887779007,-0.8935882234882798
1014,-0.377298491,1.715474651,-1.907770569,-1.873572666958475
1015,-0.196942575,-2.375817204,-0.998248242,-0.9861304934031307
1016,0.974164115,-0.514627016,-0.170163464,-0.19457485604561206
1017,3.35600209,-3.117467804,-0.045617297,-0.032237800504096886
1018,3.109585128,0.01495409,-0.041560489,-0.008182465824509641
1019,-1.245081049,-1.822918756,-1.052437919,-1.0690036499860387
1020,0.768945963,0.646738682,-0.366314999,-0.40687666893786356
1021,1.13038379,-1.569252864,-0.467746194,-0.49471931809282144
1022,-0.596127979,-1.935465026,-1.34606888,-1.3215378895440293
1023,3.348947292,-0.256420444,-0.018197731,-0.01154762662331139
1024,2.743570027,1.276128303,-1.18432104,-1.1936214318404117
1025,1.745309186,0.407503416,-0.11742127,-0.15376798015438017
1026,-2.650536878,-3.318980823,-0.010108479,0.026726694843008856
1027,0.253072995,-1.357072526,-0.781544966,-0.793841855358561
1028,-0.964932474,1.101726923,-1.26389926,-1.2734229626216038
1029,1.28047304,-0.671964526,-0.14997721,-0.17016154670388509
1030,1.702281436,-1.12010456,-0.430528074,-0.4464382020749745
1031,-1.130355927,-0.363807999,-1.331756749,-1.3444650272661014
1032,-1.020158103,-2.248341759,-0.973447574,-0.9976973232546498
1033,1.327052596,-0.064633698,-0.068319746,-0.05801668217851307
1034,-2.559723817,1.691469794,-0.923634249,-0.8820812776471325
1035,1.73790151,-1.809129786,-0.907182223,-0.8894108236404614
1036,-1.234622516,3.037284289,-0.923911284,-0.9079984281223616
1037,1.695115661,-1.140522856,-0.444162705,-0.4211521556982196
1038,2.08377163,1.789530582,-1.571687127,-1.601595148619004
1039,-0.01854886,0.607531425,-0.965846494,-0.9224466705542442
1040,2.616026361,0.874481149,-0.558693127,-0.5378961605428076
1041,0.300278161,-0.302176787,-0.648480243,-0.6508683923036701
1042,2.153164607,1.274422416,-1.005263946,-1.0352103873723986
1043,-2.531973168,2.306849602,-0.926242196,-0.9442692165315837
1044,-3.604647182,-1.910050544,-0.000559673,0.004757979230669029
1045,-3.446735278,-2.585916943,-0.000372534,0.04516150658246679
1046,0.72407293,0.947244047,-0.560253544,-0.5584682814712529
1047,1.140138052,0.403832062,-0.154901635,-0.15558149806507093
1048,-0.698137323,0.640069269,-1.180813371,-1.1471139847880902
1049,-0.082670958,-1.160128505,-1.266814626,-1.2515141426613514
1050,-0.25624968,-2.947683173,-0.957773445,-0.9576369418348053
1051,-1.239307378,-0.734521558,-1.459576384,-1.4494509149131063
1052,1.935540965,0.041402157,-0.050836741,-0.06864358370438237
1053,-2.008294695,0.489203799,-0.244214415,-0.2660320110956595
1054,-0.00413312,0.568724041,-0.942686329,-0.9300223816724781
1055,1.232630483,0.536328242,-0.180345764,-0.201459072675936
1056,2.14853291,-1.995526492,-0.979077114,-0.9738198038515807
1057,0.231246181,-0.31214843,-0.729961278,-0.7492879540090239
1058,-2.157188403,3.059671007,-0.389500651,-0.4078599959552539
1059,2.028480432,-2.542668514,-0.74599057,-0.7728262547202449
1060,1.697400563,1.850974865,-1.309011826,-1.319537090236841
1061,-1.478666173,-0.726817525,-1.122377372,-1.1280464766703449
1062,0.928711588,-1.452709691,-0.384853498,-0.40037325104734567
1063,0.249324527,-1.098744695,-0.799066375,-0.840973348638947
1064,-0.524821885,-2.515794098,-1.080874512,-1.0702495777584085
1065,-0.952374833,0.082728676,-1.149218175,-1.1646547908475882
1066,-0.216425193,1.618985014,-1.788305398,-1.780952169398375
1067,-0.314356098,0.170211714,-1.160215452,-1.1393122572790606
1068,-2.96449083,1.560404956,-0.826613573,-0.8594146290090795
1069,2.020218873,1.139361548,-0.758490698,-0.7781582964266461
1070,-1.723186551,-1.490548994,-0.689957365,-0.7059771144403798
1071,1.92998147,1.597982256,-1.287782245,-1.3015405949646088
1072,1.534026625,0.329802417,-0.095234639,-0.08521265070991685
1073,-1.02447462,2.851530609,-1.243790895,-1.230973703363215
1074,-1.824966142,-2.286782815,-0.26949219,-0.25075874956061694
1075,-2.125447736,-0.498679123,-0.292315775,-0.3024499955563288
1076,1.765980654,0.827949302,-0.355527539,-0.38328608108892637
1077,1.078345627,1.580850003,-0.973008954,-0.9753198898361067
1078,0.237578167,-1.223806379,-0.810579244,-0.8438371221806414
1079,1.759491313,2.335730012,-1.234403985,-1.2338824456295254
1080,-1.804598068,1.148363594,-0.671690191,-0.6971478795689844
1081,-0.657900739,-3.283606594,-0.980375111,-0.9464019311291042
1082,1.237950552,0.359274832,-0.126604038,-0.1439666847053152
1083,-0.794979115,-2.637914835,-0.982494408,-0.9654184931590839
1084,0.533302789,-2.117055928,-0.485910112,-0.46916336257079755
1085,0.626472256,0.08700489,-0.330877602,-0.31800019218642367
1086,0.690890881,-2.56305397,-0.378355724,-0.366945732969686
1087,1.067965535,-0.427870058,-0.133919492,-0.12934608536995376
1088,-1.71003439,-0.452100634,-0.681096096,-0.6851589000416859
1089,-0.143631404,0.48772622,-1.03486558,-1.0423327636730064
1090,-1.280001626,-0.33151962,-1.13997529,-1.1331881693782828
1091,1.136847605,1.722148823,-1.062923535,-1.0621382462303746
1092,-0.137761001,-0.057906355,-1.087483715,-1.0695655054020854
1093,1.071743628,-0.433959511,-0.133678834,-0.17792762044996713
1094,0.922525684,-1.082229345,-0.29180738,-0.2919224980203319
1095,1.891085011,-0.166859533,-0.051225707,-0.04327588463948871
1096,1.091475628,-0.406152205,-0.126080605,-0.11911791055004985
1097,1.137864312,-1.877077414,-0.541603603,-0.5076075641143213
1098,2.307110072,2.665362215,-1.170568478,-1.1938921460994918
1099,-2.841992034,-0.458879076,-0.031594394,-0.029477210175038623
1100,1.268737423,0.964126396,-0.42408213,-0.4215729780344508
1101,0.947402113,-1.926621628,-0.461083681,-0.49345846238824337
1102,-0.988935071,-1.798029134,-1.316387735,-1.3390583199092971
1103,-1.961394408,0.94977398,-0.458910085,-0.44806596571826734
1104,0.463050348,0.374715543,-0.485289865,-0.45779765454281396
1105,-1.921464325,-1.883366348,-0.328622353,-0.3268532193255597
1106,-0.489299045,-0.446444065,-1.569672454,-1.59907097440082
1107,-0.057332993,-1.865961122,-1.030575528,-1.0077601301248806
1108,1.76907384,1.485731761,-1.066686501,-1.089330775095097
1109,-0.272567905,0.458013674,-1.11267643,-1.1182219330691694
1110,1.730490373,-1.029743787,-0.370378443,-0.3394240837324659
1111,-2.804846209,1.025175582,-0.392199181,-0.37269681164811497
1112,-1.538886968,1.143121352,-0.827279045,-0.862422178230813
1113,1.01996489,2.01772051,-1.149040073,-1.1258279107153208
1114,-2.785092224,1.407010192,-0.709059825,-0.7118955656426648
1115,2.259128662,-1.133851069,-0.442210212,-0.442449901100667
1116,-0.29880438,-2.438710345,-1.041694699,-1.025340217928227
1117,2.82820253,-0.166136488,-0.035733996,-1.7676297476211522e-05
1118,-2.614863619,1.165072316,-0.510121129,-0.5055577242247572
1119,1.825599706,2.808926712,-0.745409994,-0.7842506465708691
1120,0.943135821,-0.135661948,-0.156434316,-0.15271841082982954
1121,1.167154286,1.510852273,-0.913570045,-0.9090881160759997
1122,-0.11685043,-1.995168014,-1.04506462,-0.9943675500392076
1123,2.243281637,-0.585382911,-0.130191943,-0.07653579579924763
1124,-0.742316652,1.481669388,-1.709354321,-1.740475791475985
1125,3.661796997,0.235819663,-0.064299619,-0.07555287573217703
1126,3.310526549,-3.759061434,-0.008133888,0.0046469044644811275
1127,0.359686515,-0.736016727,-0.638690167,-0.6157460001038367
1128,-1.916458129,-1.939662755,-0.313033003,-0.30349402111956914
1129,-2.126192972,-0.027246229,-0.196654359,-0.17169759035369178
1130,-1.039864657,-3.913515328,-0.747384469,-0.7152081788124445
1131,-2.258881295,-2.350639869,-0.078409506,-0.050744334365499535
1132,0.365235399,-2.350068732,-0.559185946,-0.5580326662858924
1133,2.571532612,-0.462039465,-0.072417393,-0.10197298205167236
1134,-1.949484734,3.496240267,-0.228926567,-0.2174563522061207
1135,-3.509861083,-1.010867456,-0.0020691,0.011937920352742375
1136,0.498558746,0.114224207,-0.429457261,-0.4379189015223849
1137,2.089834791,1.946937032,-1.643327408,-1.5918288341915026
1138,2.459215982,-0.533424768,-0.097550989,-0.10115040816616541
1139,2.476556665,2.387010027,-1.659919331,-1.6482472860056068
1140,2.620441382,-1.088612414,-0.296743269,-0.32669441141602656
1141,1.212196421,3.360657912,-0.225083719,-0.21328721734454673
1142,0.525877591,1.438160697,-1.083834236,-1.0836867945899897
1143,-1.578624545,1.53449012,-1.118745447,-1.089097190864705
1144,-0.475214582,-0.011401163,-1.302649558,-1.305058396119989
1145,0.039777683,0.310664322,-0.865880738,-0.8638049991590687
1146,0.939209998,-0.444899638,-0.174657991,-0.2135082280738868
1147,-0.638084832,0.069407497,-1.284725562,-1.3038623855539966
1148,-2.145013294,0.071362858,-0.17657278,-0.19911857319104892
1149,-0.335135735,1.913383418,-1.965916815,-1.981138303562121
1150,-0.638098382,-2.070404148,-1.26100021,-1.254862469599825
1151,-1.940741907,0.803845918,-0.38052622,-0.40766953820321916
1152,-1.0432396,1.903268209,-1.735355442,-1.7544880955386934
1153,0.355204993,0.283090384,-0.564954451,-0.5802084681020826
1154,1.38318485,1.070537205,-0.515528545,-0.5459670134065846
1155,-1.794213955,-2.566577163,-0.233043291,-0.22548054926181094
1156,-1.755490054,0.660569079,-0.408884647,-0.3745551935419219
1157,1.92151155,2.389003715,-1.295107159,-1.2886668917901427
1158,-1.281343772,-0.416081283,-1.202969297,-1.2083496869331363
1159,-2.025003881,-0.260993699,-0.306295723,-0.3158286576321864
1160,2.976407115,-0.21423042,-0.030371521,-0.04524902792825258
1161,-1.569866506,-1.764480332,-0.721205361,-0.7314319395157879
1162,-1.571798678,-0.055802562,-0.62732252,-0.6440011700704774
1163,0.617948601,0.695284134,-0.474985087,-0.47961187778331327
1164,-1.789623368,1.933719168,-1.185259594,-1.1968879011515017
1165,0.768815051,1.960037402,-1.218029216,-1.1980413064932016
1166,2.277859568,-1.60122177,-0.79006367,-0.8268379314975519
1167,1.328848035,-3.411771618,-0.12213695,-0.12736823841513586
1168,1.157180376,-0.479086024,-0.122373883,-0.147039903539983
1169,-0.510833797,1.180322933,-1.517432003,-1.496561948587475
1170,0.066075975,0.743941105,-0.947778663,-0.9709552888003453
1171,2.27337877,-0.542437925,-0.114164323,-0.10343025316895488
1172,-0.668428134,-1.158002217,-1.846274305,-1.8245290671210947
1173,-1.540868421,0.713747626,-0.569217069,-0.5304672569676481
1174,0.834383953,-0.404673361,-0.216115582,-0.2283118770728009
1175,-0.624957486,0.052170606,-1.294185563,-1.2576534032133266
1176,-1.34475721,-0.88721333,-1.366824549,-1.362063683570907
1177,-0.807808157,-0.604621383,-1.735055545,-1.745497639458902
1178,0.774112669,-2.477844053,-0.379154444,-0.34042632683893703
1179,-1.56787768,-2.007412448,-0.582242668,-0.6082912377718965
1180,2.722288522,-1.519040523,-0.470980927,-0.49112671564161764
1181,0.872919173,1.519560068,-0.96919501,-0.9506295280372459
1182,0.067903574,2.981758136,-1.106034023,-1.1395368652331732
1183,-1.792893638,2.685200072,-0.813267067,-0.7993097690002404
1184,-1.08793006,1.563299849,-1.53551713,-1.5467242687119322
1185,-0.285781529,0.428002822,-1.117792519,-1.0786055711649392
1186,0.166488244,0.653114394,-0.821234564,-0.8323855364778319
1187,3.523827162,-0.844947664,-0.026303986,0.01487348314170818
1188,0.103659835,-2.157494428,-0.798838492,-0.7734922023363546
1189,-0.651634818,1.458043575,-1.724869074,-1.7091917739801832
1190,1.960353928,-2.985106772,-0.380675954,-0.3532946944858383
1191,0.30749627,1.487192061,-1.292084471,-1.296930037164976
1192,0.23217263,1.879506178,-1.572419876,-1.5790942414431877
1193,1.770296399,0.035153487,-0.05012862,-0.05656928525785869
1194,-1.342603478,-1.314754707,-1.297054099,-1.3290253660078017
1195,-0.251317327,0.074616432,-1.144572019,-1.1193536083205669
1196,-0.417366215,-2.282843896,-1.133230246,-1.100142547250773
1197,0.258024047,0.905757112,-0.870972009,-0.8962009846956319
1198,2.927624671,0.545183583,-0.237824095,-0.25816225295850964
1199,-1.010426195,-0.677849416,-1.672752795,-1.6884048428014466
1200,-1.918069452,1.050028305,-0.545880097,-0.534333662986576
1201,1.866433771,-0.367937696,-0.077695167,-0.0827295524164007
1202,2.40256963,1.561897081,-1.557094904,-1.5338977185078204
1203,3.218767709,-2.090131248,-0.224582194,-0.18854005370302324
1204,-0.898881151,0.375504024,-1.0735748,-1.0463739114974637
1205,-0.479325805,-2.968711752,-1.016222785,-0.9580859369318626
1206,-0.061547632,2.466770873,-1.629633582,-1.6847472501437135
1207,-1.65572881,1.010716488,-0.650191247,-0.6406260192101713
1208,-0.850403514,-0.417488726,-1.583868944,-1.5956495877882213
1209,-0.756459358,0.40405254,-1.145906098,-1.1366772086007364
1210,2.228543286,-0.311170439,-0.063822963,-0.05328154223411549
1211,3.173083893,0.834239524,-0.471812411,-0.4854566538673934
1212,-0.078096084,1.13472232,-1.314563429,-1.3515398802537801
1213,0.572747517,-1.425270228,-0.480464937,-0.478666068144704
1214,0.834600142,-0.947351365,-0.287961076,-0.3038635006383713
1215,-0.24118618,1.794819838,-1.894337157,-1.876925200679903
1216,1.919026615,-1.223453325,-0.546689093,-0.5557705435133612
1217,-2.525579171,-0.159084302,-0.074071628,-0.09079658924173586
1218,1.70199006,-1.017913774,-0.357444359,-0.38269359653177615
1219,1.14457687,0.74100047,-0.288143591,-0.3037740730623877
1220,1.33545809,1.181120184,-0.615058798,-0.6356429704418826
1221,1.422074202,3.428341579,-0.177162655,-0.12749240221434938
1222,1.201478808,2.916605901,-0.526175058,-0.5354276048443156
1223,-1.450894126,-1.798701805,-0.836052608,-0.8580622984235631
1224,-0.414310292,2.811532472,-1.510290933,-1.5301503632104922
1225,-0.274791284,1.396028687,-1.64686622,-1.7156952012849853
1226,-0.610496629,-0.066449701,-1.36130224,-1.3749135105195318
1227,-0.685533145,-2.789355341,-1.003416767,-0.994045557994072
1228,3.329529456,0.653866154,-0.280189698,-0.2769723248312286
1229,-2.233373954,1.392824975,-0.741931228,-0.7486919180561308
1230,2.014571335,-1.031830217,-0.393648675,-0.41608419632223287
1231,-0.824242565,3.882720822,-0.929083736,-0.9343129947760552
1232,0.339905316,-2.173186397,-0.597495574,-0.5854744582841008
1233,2.249064385,-1.03564807,-0.37155662,-0.33097237571507493
1234,1.182893301,1.338977352,-0.760355903,-0.7510070950525343
1235,-1.484150164,-1.235992319,-1.127857248,-1.1211281944679388
1236,-3.773907866,1.589202323,-0.844738751,-0.846913636195664
1237,1.857724807,1.315581463,-0.912212843,-0.917894515467967
1238,0.386248748,0.182475188,-0.529603024,-0.5852301927014625
1239,-0.936517221,-1.058213643,-1.81927607,-1.7992471670029417
1240,1.694923677,-0.623701878,-0.147124206,-0.14944839497845622
1241,-0.663746608,-0.902789234,-1.858702548,-1.821292014782895
1242,0.899309964,0.101824309,-0.180904349,-0.17971726746875802
1243,-2.045048561,0.219021551,-0.209728499,-0.2126259411095581
1244,-0.932934244,2.765062785,-1.386013879,-1.3774146059171346
1245,-1.537508724,2.660649718,-0.987134725,-0.9912103427958153
1246,1.066911074,-0.278320607,-0.121633597,-0.11310213594781098
1247,3.602086574,0.533902196,-0.173062375,-0.17407785232997194
1248,1.344118192,1.208663513,-0.642085116,-0.6557395993494428
1249,-1.031826508,2.402853405,-1.603844533,-1.5943074241434323
1250,1.947148237,0.983301918,-0.545045185,-0.5362896174058416
1251,0.55555952,-1.438350987,-0.492126454,-0.4778701985546008
1252,-0.066683795,1.29532516,-1.439802074,-1.4191062910922125
1253,1.971004658,-0.469144871,-0.101726129,-0.11708504902622828
1254,-0.280936282,1.643818599,-1.8346363,-1.8180862741458588
1255,-0.04057271,-1.765248107,-1.046199996,-1.0436230944264842
1256,-0.967312998,-0.512069015,-1.592952956,-1.5836277702956376
1257,-1.684116574,0.118026558,-0.454457074,-0.46509703344957065
1258,-0.97922011,1.022369707,-1.196062355,-1.2031928799759493
1259,-1.707736649,-0.929894583,-0.835761914,-0.8414351632478521
1260,1.593243917,-0.892316628,-0.262460085,-0.2647356894722578
1261,0.711446923,1.839115214,-1.220216598,-1.199930872864869
1262,-0.111947742,-1.142503595,-1.311125242,-1.2889475823156602
1263,1.373135063,-1.388262936,-0.497350316,-0.5279814249663248
1264,1.548522872,1.568924308,-1.041523641,-1.0417523852470494
1265,-0.02025238,-0.431083836,-1.075607721,-1.0674457721329325
1266,0.7767552,0.349608711,-0.270653746,-0.2588020153340453
1267,-0.116883551,1.10194952,-1.315553827,-1.3498422711444338
1268,-1.713533469,0.231622818,-0.40501478,-0.3997329236361254
1269,1.590394666,3.08641614,-0.399900514,-0.3860023293098156
1270,-1.335105279,0.571958825,-0.703517854,-0.6772144705479021
1271,0.780525056,-1.326744375,-0.375433282,-0.34916839755023427
1272,3.18506809,-2.215146411,-0.234413464,-0.2287655258179478
1273,-1.833770002,2.793793615,-0.701350994,-0.6866885524909665
1274,0.012656998,-0.981584077,-1.134353194,-1.1383840028366843
1275,1.906205593,-1.781187894,-0.948076138,-0.9524336619083945
1276,-0.958583664,1.336686575,-1.458634723,-1.4772707186308391
1277,0.633029682,0.821719975,-0.531875032,-0.5490706099683628
1278,-0.2840226,-0.641406624,-1.482868033,-1.4999232562427032
1279,1.174067637,-1.789552662,-0.549028701,-0.5499937534792547
1280,1.233011854,-3.539067333,-0.101607034,-0.1459425818963288
1281,0.440091714,-1.340905825,-0.581971494,-0.6064492754238465
1282,-0.197540471,0.000864106,-1.123989226,-1.1279944412108238
1283,-1.616764739,-1.345827697,-0.893867099,-0.8825256314311168
1284,-2.1223514,0.125605714,-0.181654984,-0.19255177845670965
1285,2.413772158,3.251102166,-0.395929861,-0.3834771929133505
1286,-0.487920205,-0.404496299,-1.542740173,-1.5057601938875609
1287,0.998062551,0.229763773,-0.158199081,-0.19571245503604978
1288,0.038429995,-1.129197783,-1.092910307,-1.0856195163554327
1289,1.276998258,1.011607351,-0.462153199,-0.45569968286224943
1290,0.973982214,2.66216198,-0.786432444,-0.8404174579622287
1291,2.985823355,0.228178267,-0.086925042,-0.09983512206582172
1292,-0.702034105,1.179153195,-1.477707525,-1.4924491842203327
1293,1.294209862,1.354079396,-0.778035838,-0.7379660983663036
1294,-0.368138597,2.609537003,-1.672480266,-1.6753907351006012
1295,2.038712102,-0.025333914,-0.048364354,-0.04065656844288924
1296,2.213636762,0.674287937,-0.303212179,-0.33328607949115946
1297,-1.967027272,-0.975090773,-0.508661787,-0.4980370539404907
1298,1.65093059,1.80682156,-1.261022295,-1.2638698347554667
1299,2.10400195,-1.494701671,-0.767524467,-0.7973186086146595
1300,2.500691068,-2.113133966,-0.768489027,-0.7915628935747302
1301,-1.37796114,-1.843613962,-0.888125938,-0.9120482339077325
1302,-0.328639281,1.281671715,-1.571508131,-1.5685610444461688
1303,1.713478771,1.380414662,-0.921311907,-0.9072045668581228
1304,-2.036209969,-1.213881063,-0.420909245,-0.4159663275771731
1305,-1.040263843,-0.800684263,-1.706764757,-1.7319009673030334
1306,0.814098644,2.059435261,-1.197808153,-1.1525878670549312
1307,-2.825321433,-1.206665318,-0.038753685,-0.01622307551285365
1308,0.740396088,-1.36458309,-0.393689463,-0.40662306834331896
1309,-2.344610824,-2.144933548,-0.077494946,-0.06318284588562781
1310,-1.759977627,0.039638871,-0.416296631,-0.4279728619898228
1311,0.812321369,-0.235483705,-0.217312465,-0.22801399613690035
1312,2.450995975,0.803082525,-0.457437627,-0.4710069052741813
1313,-0.094135656,-1.915634574,-1.050829505,-1.044780500463403
1314,1.370827513,-1.957116709,-0.703512254,-0.690993238273553
1315,1.574699545,1.22248159,-0.697134705,-0.7094407247841013
1316,0.17936213,-0.621534915,-0.852432104,-0.8589256354841489
1317,-2.321540648,-0.957115722,-0.210452256,-0.21206233577525826
1318,2.919087534,0.182593266,-0.076186509,-0.07087259292729295
1319,2.867589519,0.117156574,-0.062673577,-0.045923066085563624
1320,-2.43417784,2.131996522,-1.006464165,-0.9764362145977925
1321,3.399516684,2.113229413,-1.634724715,-1.6172713444554339
1322,1.003912594,-0.118657526,-0.134990846,-0.16549515627678837
1323,-0.392577395,-0.910675092,-1.6756891,-1.6489617235954313
1324,1.130571557,1.970862702,-1.14174371,-1.1593102842505243
1325,0.671705533,2.123583397,-1.251326772,-1.230471328381073
1326,-0.122870017,-1.420131919,-1.263659788,-1.208418671714322
1327,-1.124541083,1.847291896,-1.65426906,-1.6524694474121124
1328,-0.914604282,1.792945976,-1.800508706,-1.8188816246044175
1329,-3.077774037,-0.39010753,-0.01379947,-0.03311047393808496
1330,-0.410651452,0.540376374,-1.176705291,-1.1725978736349996
1331,2.365625713,-0.121233107,-0.046620808,-0.06251921083659616
1332,0.330556304,-2.089146636,-0.614774383,-0.6079199540144418
1333,0.747969395,0.186979968,-0.261978832,-0.253562110816964
1334,-1.734475667,-0.492839538,-0.670684226,-0.6598431596799149
1335,2.186493876,-1.228482684,-0.533403869,-0.5186994774087952
1336,2.470916896,-1.706491586,-0.735133979,-0.7176300535110851
1337,-0.362677803,-0.095533451,-1.287786529,-1.3030586737981316
1338,0.520274108,1.167519918,-0.857552316,-0.8311802407425215
1339,2.450900927,2.170533409,-1.859717069,-1.8628478060226121
1340,0.245367497,-0.61607938,-0.764578151,-0.7750700208129915
1341,-2.540610501,0.57890277,-0.155964269,-0.14771727039306567
1342,0.242597701,0.957496024,-0.918663975,-0.908893674149073
1343,2.456225567,-1.371694026,-0.547404803,-0.545519765395167
1344,3.1625296,-0.743822856,-0.054418517,-0.09141849961678516
1345,-0.846729194,-2.047566897,-1.213016166,-1.1897229382681116
1346,-1.722493212,-3.385861886,-0.226363769,-0.23321680672454273
1347,-0.578427654,-0.235958538,-1.467640617,-1.4608757210374115
1348,1.921706068,-0.255341183,-0.059602054,-0.08294444930676244
1349,-0.128947615,1.023352103,-1.264541354,-1.2687202762679468
1350,0.478159556,1.628088621,-1.260049739,-1.2497483688779962
1351,1.117538751,-0.771255923,-0.185683768,-0.2049246984224949
1352,-1.360633282,1.849706844,-1.454711229,-1.4133869909884613
1353,-1.295621324,2.189449241,-1.495769874,-1.5077297290952252
1354,-0.683187794,0.103681753,-1.261981555,-1.2864548298006784
1355,-0.069278871,0.136584889,-0.977419747,-0.961006461956572
1356,-0.053517633,0.829645752,-1.087903024,-1.0912536030957982
1357,-2.336966271,-3.221430081,-0.035440964,-0.021675197884528145
1358,0.504128328,0.568063155,-0.503406071,-0.537626159485901
1359,2.52363676,-0.306447635,-0.052836221,-0.041573981002516386
1360,1.699956244,2.287306938,-1.234382592,-1.2254272841362135
1361,-0.877825969,0.672527946,-1.09870715,-1.0937817753319168
1362,-1.335126803,-2.729720417,-0.542726943,-0.5259140464461399
1363,-1.974261812,-0.229740934,-0.334564677,-0.3371812367142381
1364,-1.518373312,2.81702084,-0.867464778,-0.9078510623366376
1365,-2.129904448,-1.954133378,-0.182434336,-0.21734981562945713
1366,0.176094579,-0.910255627,-0.89304078,-0.8958121430569606
1367,1.082762749,1.989486052,-1.143607067,-1.167887670615435
1368,-2.612146105,0.165222473,-0.065187321,-0.07623928226300684
1369,2.665663484,2.980239248,-0.762453681,-0.742823671157843
1370,0.794359516,-1.029355476,-0.318383839,-0.28654405592654514
1371,-1.920044475,-1.939205578,-0.310652207,-0.298220866937024
1372,-1.40978833,1.004611691,-0.823528222,-0.8685688029199667
1373,0.704381865,1.012547311,-0.618332193,-0.6149689209739712
1374,-0.572912261,-1.320513534,-1.747468976,-1.766228975045401
1375,3.103891229,-1.21213819,-0.158992829,-0.16742419768018227
1376,0.116207664,1.350714798,-1.341856931,-1.357631358712921
1377,1.273060933,-2.60028073,-0.454719602,-0.44160721079446413
1378,-0.166437162,3.482425684,-1.005795811,-0.9791387811798137
1379,-0.613332417,1.352601589,-1.64826723,-1.6896852909596385
1380,1.052896244,3.530753914,-0.191090164,-0.17891920561817157
1381,-0.308870179,-1.124159445,-1.577178541,-1.5866920079204512
1382,-1.259722679,0.509426827,-0.765661399,-0.7921607876204633
1383,-1.773893496,-1.119632579,-0.739006506,-0.7852143330005573
1384,0.667351665,0.761918059,-0.47757324,-0.4785351396131681
1385,-0.380318006,-1.830248234,-1.331014724,-1.305038176905963
1386,0.181881567,1.637660461,-1.506556339,-1.4978571434599106
1387,1.124040218,-0.543546759,-0.137771717,-0.14074691904841005
1388,3.630186268,1.001256921,-0.538769457,-0.5312321392641809
1389,2.581759498,-0.708256919,-0.135749659,-0.16935756943219935
1390,0.994865674,0.839201976,-0.379622763,-0.3712256244645804
1391,0.011185362,0.594074664,-0.937014582,-0.9217107227950961
1392,1.072401268,-0.076884473,-0.114859407,-0.16334437081863937
1393,2.648040453,-1.147461255,-0.317808858,-0.32133110900596884
1394,0.44542846,-0.409895946,-0.50660165,-0.5359686307635118
1395,2.441255146,-0.36060471,-0.063440921,-0.08855524705993859
1396,-0.034842555,-1.277518091,-1.179649147,-1.1934054471368916
1397,-0.973895462,0.372343131,-1.021537632,-1.0302551628214072
1398,-0.383159686,-1.721951037,-1.395480338,-1.3879766352268825
1399,2.120886747,3.624142681,-0.120695993,-0.10513951775446735
1400,0.746155484,1.071853069,-0.642464246,-0.6847956261758327
1401,2.520710011,-2.181805641,-0.737829074,-0.7178265804296672
1402,-0.164650159,2.783896986,-1.434658682,-1.4323213347582642
1403,-0.081308524,1.09225288,-1.283419245,-1.269802226140798
1404,0.596581056,-1.007992444,-0.430861469,-0.4379931772789889
1405,0.708219988,-0.879714455,-0.33953512,-0.313672551958458
1406,1.412024559,1.582555307,-1.006158513,-0.9741032011521207
1407,0.162382114,1.375632078,-1.32376445,-1.3312854333892432
1408,0.619799038,1.752260965,-1.235944124,-1.2200393161254488
1409,-0.457419198,1.319261252,-1.630783886,-1.647662710439744
1410,0.890366883,-0.921363481,-0.263979866,-0.25668782511646204
1411,-1.747214216,2.797972336,-0.740078688,-0.7153427828093608
1412,-0.365506626,1.14774122,-1.47241251,-1.4782692393097498
1413,-2.047338691,-0.451377977,-0.34081063,-0.316790784501779
1414,-2.505236748,3.00777541,-0.38011646,-0.39301309988711575
1415,-2.397031659,0.048844138,-0.096848092,-0.11105803163213343
1416,2.36552529,-1.162057383,-0.433914349,-0.44104084478914324
1417,-0.221301018,3.309153919,-1.105457896,-1.1177859944989015
1418,0.482544911,2.332578033,-1.28136134,-1.2858410139178775
1419,1.95760638,0.999815166,-0.566522972,-0.5732912206733272
1420,0.965539401,0.178685515,-0.162706772,-0.16409002420331179
1421,0.648283059,3.190787116,-0.512648975,-0.5031548432903168
1422,0.157806023,-1.468786203,-0.884161033,-0.8905129004568588
1423,-2.856793927,-0.356027257,-0.028772009,-0.041812711025914065
1424,1.914236256,1.866973853,-1.474009354,-1.4450872191778397
1425,0.004483937,2.189780484,-1.740452766,-1.72973263473822
1426,0.054447762,-0.406986867,-0.971610463,-0.9276373194103682
1427,-1.349101739,1.629021429,-1.358585606,-1.338790040462682
1428,0.468428584,1.370901578,-1.06874517,-1.0493945947417362
1429,0.235361789,-1.008833696,-0.816418441,-0.825065857241042
1430,-0.29127182,-0.454439398,-1.409628497,-1.4041623989264327
1431,1.880798362,-0.387348662,-0.081724094,-0.08068602326650759
1432,-0.044678951,-0.413394831,-1.101529779,-1.1193372274274263
1433,0.188780291,-0.668967104,-0.847553979,-0.8604190061399635
1434,1.287434147,0.408880594,-0.132412725,-0.15178700404459128
1435,0.206279889,2.261123253,-1.542779246,-1.5276793080657236
1436,-3.354665591,0.686529666,-0.178653035,-0.17004626216518046
1437,-2.013450608,-2.303274676,-0.166719056,-0.19996319412732436
1438,0.154457116,3.651151693,-0.717145287,-0.74102432256519
1439,0.73932729,-0.677453546,-0.295280171,-0.3219138576193406
1440,1.825290975,-1.828366439,-0.946439835,-0.9629643549014854
1441,0.025910242,2.842817933,-1.250142203,-1.229043756868223
1442,2.365721538,-2.45020404,-0.714584407,-0.7439833606784724
1443,-1.370454304,-0.52589458,-1.166717642,-1.161809944572443
1444,0.163220051,-1.250214908,-0.906437731,-0.9095803489276066
1445,-1.926599825,0.662986087,-0.324689184,-0.36722395002287955
1446,-0.221907907,-0.280871528,-1.256898771,-1.2584578741035883
1447,-1.397109663,1.331699742,-1.090676621,-1.1331194950530277
1448,0.86598208,-1.548420619,-0.402912024,-0.3840929604411324
1449,1.366314974,-1.375086025,-0.486842787,-0.4750329647047125
1450,-1.201840726,0.312107918,-0.840589294,-0.7986706912216407
1451,-0.011391022,-2.417282716,-0.852809018,-0.8860419007246306
1452,0.013330833,2.994608413,-1.140415973,-1.1440843747923866
1453,0.450198747,0.489723678,-0.521558334,-0.5196731195794878
1454,0.270343361,0.22873136,-0.64026839,-0.616123333981666
1455,0.649277254,-3.14549762,-0.311000961,-0.28686454115651444
1456,-2.91021397,-0.98504935,-0.029148463,-0.023088713004922358
1457,1.137399483,1.049126749,-0.503628089,-0.5403495551259505
1458,-1.862530759,2.309697564,-1.064771737,-1.0868174854712447
1459,-0.28990288,0.086714179,-1.168015063,-1.1722973696839414
1460,-2.16987267,-0.555030029,-0.271730307,-0.2650703779840294
1461,-0.754527267,-1.376618981,-1.75463882,-1.7455387132328393
1462,-3.424786079,-2.495843734,-0.000491084,-0.0171362356848036
1463,-2.905435769,0.594206537,-0.143743788,-0.13455600090229963
1464,-0.229019511,1.233539367,-1.488775605,-1.4930791960930976
1465,0.311514309,0.446552967,-0.629597523,-0.6340034094691214
1466,-1.65711091,-2.133005904,-0.442008218,-0.401391792087717
1467,1.724097973,1.647552305,-1.198591779,-1.1875101181535714
1468,-0.640981831,3.134301032,-1.256520752,-1.2670757299911173
1469,-2.658253189,2.266961277,-0.940698349,-0.9293188082481602
1470,0.529287454,-0.20641061,-0.410382827,-0.39060886561883956
1471,-0.917746012,-1.057946815,-1.829964062,-1.8264708634748152
1472,-0.593241111,1.610673468,-1.851638412,-1.8390408137112997
1473,0.613095692,-0.228519804,-0.34392948,-0.3239318134621154
1474,-3.358928447,-2.016778942,-0.001644705,0.03716740380979546
1475,-0.77739811,1.797748993,-1.886239461,-1.8752015932755652
1476,2.465573997,1.939978126,-1.91552649,-1.9204267137568036
1477,-1.802995681,2.464114904,-0.989306264,-0.958745063018006
1478,0.871247438,0.440937995,-0.247601257,-0.24133088436359965
1479,1.408159917,1.850661797,-1.165737042,-1.1799389496465864
1480,2.397486913,-0.787134439,-0.197149767,-0.21039072105205076
1481,1.242779824,1.28478279,-0.709423512,-0.6979302348720107
1482,0.141761541,1.140591575,-1.143519966,-1.1527500408827904
1483,0.826881221,0.045119109,-0.210146047,-0.20160997577709472
1484,0.551692376,-0.223729067,-0.39254469,-0.40385110375064504
1485,-1.279084803,0.227422288,-0.793252881,-0.789394405395019
1486,-0.516838772,-0.718160172,-1.732016757,-1.7384566057955777
1487,0.153056836,2.429446904,-1.485364911,-1.4996308330772974
1488,0.002766795,-0.264223117,-0.996397507,-1.022078902686661
1489,0.300111917,1.309222509,-1.150160292,-1.1400961223269668
1490,-1.040056249,-1.594246752,-1.448466739,-1.4612871738111899
1491,2.838966855,0.522073455,-0.225102207,-0.28040638749557234
1492,-2.194456938,-2.236092807,-0.1087286,-0.1172644850680418
1493,3.739789324,-0.066503881,-0.020375686,-0.035029426554174806
1494,-2.239913,0.87506137,-0.336936906,-0.32597992107644475
1495,-0.990434255,0.36785712,-1.009841989,-1.013031771225612
1496,-0.890459267,0.319587715,-1.091176044,-1.0727422555509507
1497,1.925575719,0.162450729,-0.063575317,-0.0565764727199763
1498,1.252453616,0.81729128,-0.319912526,-0.31698501670930906
